"state","sex","year","total","daily"
"Alabama","Males",1996,30.05,24.91
"Alabama","Females",1996,23.06,19.16
"Alabama","Both",1996,26.49,21.98
"Alabama","Males",1997,30.15,24.68
"Alabama","Females",1997,23.22,19.08
"Alabama","Both",1997,26.63,21.83
"Alabama","Males",1998,30.13,24.3
"Alabama","Females",1998,23.26,18.94
"Alabama","Both",1998,26.63,21.57
"Alabama","Males",1999,29.94,23.66
"Alabama","Females",1999,23.72,18.96
"Alabama","Both",1999,26.77,21.27
"Alabama","Males",2000,29.63,23.14
"Alabama","Females",2000,23.82,18.95
"Alabama","Both",2000,26.67,21.01
"Alabama","Males",2001,29.74,23.01
"Alabama","Females",2001,24.21,19.16
"Alabama","Both",2001,26.93,21.05
"Alabama","Males",2002,29.85,22.78
"Alabama","Females",2002,24.27,19.02
"Alabama","Both",2002,27.01,20.86
"Alabama","Males",2003,30.11,22.94
"Alabama","Females",2003,24.09,18.92
"Alabama","Both",2003,27.05,20.89
"Alabama","Males",2004,30.16,23.23
"Alabama","Females",2004,24.05,18.9
"Alabama","Both",2004,27.05,21.03
"Alabama","Males",2005,29.76,22.75
"Alabama","Females",2005,23.57,18.26
"Alabama","Both",2005,26.61,20.46
"Alabama","Males",2006,29.33,22.13
"Alabama","Females",2006,23.14,17.79
"Alabama","Both",2006,26.18,19.92
"Alabama","Males",2007,29.16,21.94
"Alabama","Females",2007,22.62,17.35
"Alabama","Both",2007,25.83,19.6
"Alabama","Males",2008,28.71,21.29
"Alabama","Females",2008,22.4,17
"Alabama","Both",2008,25.5,19.11
"Alabama","Males",2009,28.33,20.84
"Alabama","Females",2009,21.81,16.49
"Alabama","Both",2009,25.01,18.63
"Alabama","Males",2010,28.26,20.53
"Alabama","Females",2010,21.77,16.4
"Alabama","Both",2010,24.96,18.43
"Alabama","Males",2011,27.64,20.27
"Alabama","Females",2011,21.6,16.24
"Alabama","Both",2011,24.56,18.22
"Alabama","Males",2012,26.85,19.42
"Alabama","Females",2012,21.04,15.62
"Alabama","Both",2012,23.89,17.48
"Alaska","Males",1996,28.69,22.65
"Alaska","Females",1996,24.1,19.65
"Alaska","Both",1996,26.35,21.12
"Alaska","Males",1997,28.02,21.71
"Alaska","Females",1997,23.93,19.24
"Alaska","Both",1997,25.94,20.45
"Alaska","Males",1998,27.73,21.14
"Alaska","Females",1998,23.9,19
"Alaska","Both",1998,25.78,20.05
"Alaska","Males",1999,27.11,20.51
"Alaska","Females",1999,24.52,19.2
"Alaska","Both",1999,25.79,19.84
"Alaska","Males",2000,27.43,20.36
"Alaska","Females",2000,24.66,18.96
"Alaska","Both",2000,26.02,19.65
"Alaska","Males",2001,27.82,20.8
"Alaska","Females",2001,25.02,18.56
"Alaska","Both",2001,26.4,19.66
"Alaska","Males",2002,28.5,21.15
"Alaska","Females",2002,24.68,17.93
"Alaska","Both",2002,26.55,19.51
"Alaska","Males",2003,28.57,21.13
"Alaska","Females",2003,24.26,17.3
"Alaska","Both",2003,26.38,19.18
"Alaska","Males",2004,28.59,21.07
"Alaska","Females",2004,23.8,16.73
"Alaska","Both",2004,26.15,18.86
"Alaska","Males",2005,27.73,20.1
"Alaska","Females",2005,22.96,15.92
"Alaska","Both",2005,25.3,17.97
"Alaska","Males",2006,26.84,19.34
"Alaska","Females",2006,22.42,15.61
"Alaska","Both",2006,24.59,17.44
"Alaska","Males",2007,25.58,18.42
"Alaska","Females",2007,21.97,15.26
"Alaska","Both",2007,23.74,16.81
"Alaska","Males",2008,24.38,17.39
"Alaska","Females",2008,21.12,14.65
"Alaska","Both",2008,22.72,16
"Alaska","Males",2009,23.85,16.99
"Alaska","Females",2009,20.91,14.41
"Alaska","Both",2009,22.35,15.68
"Alaska","Males",2010,23.65,16.67
"Alaska","Females",2010,20.77,14.47
"Alaska","Both",2010,22.18,15.55
"Alaska","Males",2011,24.17,16.94
"Alaska","Females",2011,20.93,15.03
"Alaska","Both",2011,22.52,15.97
"Alaska","Males",2012,23.37,16.08
"Alaska","Females",2012,20.33,14.39
"Alaska","Both",2012,21.82,15.22
"Arizona","Males",1996,26.77,23.08
"Arizona","Females",1996,20.48,18.12
"Arizona","Both",1996,23.57,20.55
"Arizona","Males",1997,26.09,22.16
"Arizona","Females",1997,20.1,17.56
"Arizona","Both",1997,23.04,19.82
"Arizona","Males",1998,25.83,21.73
"Arizona","Females",1998,20.01,17.24
"Arizona","Both",1998,22.87,19.44
"Arizona","Males",1999,25.4,20.52
"Arizona","Females",1999,20.27,16.53
"Arizona","Both",1999,22.79,18.49
"Arizona","Males",2000,26.01,20.62
"Arizona","Females",2000,20.72,16.43
"Arizona","Both",2000,23.32,18.49
"Arizona","Males",2001,25.91,19.99
"Arizona","Females",2001,21,16.16
"Arizona","Both",2001,23.41,18.04
"Arizona","Males",2002,25.35,18.75
"Arizona","Females",2002,21.72,16.09
"Arizona","Both",2002,23.5,17.39
"Arizona","Males",2003,26.09,18.87
"Arizona","Females",2003,21.82,16.11
"Arizona","Both",2003,23.92,17.46
"Arizona","Males",2004,25.93,18.45
"Arizona","Females",2004,21.02,15.59
"Arizona","Both",2004,23.43,17
"Arizona","Males",2005,25.89,18.09
"Arizona","Females",2005,20.4,14.84
"Arizona","Both",2005,23.1,16.43
"Arizona","Males",2006,25.36,17.21
"Arizona","Females",2006,19.87,14.42
"Arizona","Both",2006,22.57,15.79
"Arizona","Males",2007,25.23,17.03
"Arizona","Females",2007,19,13.8
"Arizona","Both",2007,22.06,15.38
"Arizona","Males",2008,24.04,16.2
"Arizona","Females",2008,18.11,13.01
"Arizona","Both",2008,21.03,14.57
"Arizona","Males",2009,23.37,15.91
"Arizona","Females",2009,18.07,12.99
"Arizona","Both",2009,20.68,14.42
"Arizona","Males",2010,23.28,15.48
"Arizona","Females",2010,18.01,13.02
"Arizona","Both",2010,20.6,14.23
"Arizona","Males",2011,24,15.89
"Arizona","Females",2011,18.53,13.37
"Arizona","Both",2011,21.21,14.61
"Arizona","Males",2012,23.22,15.1
"Arizona","Females",2012,17.97,12.78
"Arizona","Both",2012,20.55,13.92
"Arkansas","Males",1996,31.4,27.35
"Arkansas","Females",1996,25.84,22.33
"Arkansas","Both",1996,28.57,24.8
"Arkansas","Males",1997,31.15,26.73
"Arkansas","Females",1997,25.81,22.03
"Arkansas","Both",1997,28.43,24.34
"Arkansas","Males",1998,31.13,26.35
"Arkansas","Females",1998,25.89,21.81
"Arkansas","Both",1998,28.46,24.04
"Arkansas","Males",1999,30.88,25.57
"Arkansas","Females",1999,26.04,21.61
"Arkansas","Both",1999,28.41,23.56
"Arkansas","Males",2000,30.72,25.13
"Arkansas","Females",2000,26.09,21.41
"Arkansas","Both",2000,28.36,23.24
"Arkansas","Males",2001,31.11,25.31
"Arkansas","Females",2001,26.21,21.37
"Arkansas","Both",2001,28.62,23.3
"Arkansas","Males",2002,30.73,24.37
"Arkansas","Females",2002,26.03,20.96
"Arkansas","Both",2002,28.34,22.63
"Arkansas","Males",2003,30.9,24.36
"Arkansas","Females",2003,25.95,20.77
"Arkansas","Both",2003,28.38,22.53
"Arkansas","Males",2004,30.26,23.78
"Arkansas","Females",2004,25.49,20.21
"Arkansas","Both",2004,27.83,21.96
"Arkansas","Males",2005,30.05,23.48
"Arkansas","Females",2005,25.34,20.05
"Arkansas","Both",2005,27.65,21.73
"Arkansas","Males",2006,29.68,22.87
"Arkansas","Females",2006,25.23,19.61
"Arkansas","Both",2006,27.41,21.21
"Arkansas","Males",2007,29.05,22.26
"Arkansas","Females",2007,24.94,19.19
"Arkansas","Both",2007,26.96,20.7
"Arkansas","Males",2008,29.04,22.09
"Arkansas","Females",2008,24.75,18.99
"Arkansas","Both",2008,26.86,20.51
"Arkansas","Males",2009,28.86,21.6
"Arkansas","Females",2009,24.52,18.78
"Arkansas","Both",2009,26.65,20.16
"Arkansas","Males",2010,28.43,20.99
"Arkansas","Females",2010,24.08,18.1
"Arkansas","Both",2010,26.22,19.52
"Arkansas","Males",2011,28.35,20.99
"Arkansas","Females",2011,24.23,18.27
"Arkansas","Both",2011,26.25,19.6
"Arkansas","Males",2012,27.58,20.12
"Arkansas","Females",2012,23.64,17.6
"Arkansas","Both",2012,25.58,18.84
"California","Males",1996,23.53,17.48
"California","Females",1996,17.14,12.54
"California","Both",1996,20.27,14.97
"California","Males",1997,23.44,17.07
"California","Females",1997,17.06,12.43
"California","Both",1997,20.19,14.71
"California","Males",1998,23.34,16.67
"California","Females",1998,17.05,12.29
"California","Both",1998,20.14,14.45
"California","Males",1999,23.26,16.62
"California","Females",1999,16.68,12.15
"California","Both",1999,19.91,14.34
"California","Males",2000,23.16,16.49
"California","Females",2000,16.61,11.99
"California","Both",2000,19.83,14.2
"California","Males",2001,23.16,16.27
"California","Females",2001,16.17,11.64
"California","Both",2001,19.6,13.91
"California","Males",2002,22.9,15.9
"California","Females",2002,15.75,11.33
"California","Both",2002,19.26,13.57
"California","Males",2003,22.61,15.43
"California","Females",2003,15.1,10.79
"California","Both",2003,18.79,13.07
"California","Males",2004,22.21,14.85
"California","Females",2004,14.89,10.51
"California","Both",2004,18.48,12.64
"California","Males",2005,21.67,14.25
"California","Females",2005,14.41,10.13
"California","Both",2005,17.98,12.15
"California","Males",2006,20.83,13.57
"California","Females",2006,13.89,9.79
"California","Both",2006,17.3,11.64
"California","Males",2007,20.18,13.27
"California","Females",2007,13.37,9.51
"California","Both",2007,16.72,11.35
"California","Males",2008,19.47,12.84
"California","Females",2008,12.94,9.21
"California","Both",2008,16.14,11
"California","Males",2009,18.85,12.48
"California","Females",2009,12.34,8.74
"California","Both",2009,15.54,10.58
"California","Males",2010,18.4,12.08
"California","Females",2010,12.14,8.42
"California","Both",2010,15.22,10.22
"California","Males",2011,18.06,11.93
"California","Females",2011,12.14,8.24
"California","Both",2011,15.05,10.05
"California","Males",2012,17.47,11.36
"California","Females",2012,11.76,7.88
"California","Both",2012,14.57,9.59
"Colorado","Males",1996,24.4,19.49
"Colorado","Females",1996,21.44,16.68
"Colorado","Both",1996,22.89,18.06
"Colorado","Males",1997,24.13,18.94
"Colorado","Females",1997,21.25,16.43
"Colorado","Both",1997,22.67,17.66
"Colorado","Males",1998,23.93,18.51
"Colorado","Females",1998,21.23,16.21
"Colorado","Both",1998,22.56,17.34
"Colorado","Males",1999,24.07,18.49
"Colorado","Females",1999,20.99,15.69
"Colorado","Both",1999,22.51,17.07
"Colorado","Males",2000,23.68,17.87
"Colorado","Females",2000,20.8,15.75
"Colorado","Both",2000,22.21,16.79
"Colorado","Males",2001,23.2,17.41
"Colorado","Females",2001,20.3,15.27
"Colorado","Both",2001,21.73,16.32
"Colorado","Males",2002,23.3,16.98
"Colorado","Females",2002,20.12,15
"Colorado","Both",2002,21.68,15.97
"Colorado","Males",2003,23.54,16.77
"Colorado","Females",2003,20.01,14.77
"Colorado","Both",2003,21.74,15.75
"Colorado","Males",2004,22.93,16.06
"Colorado","Females",2004,19.51,14.62
"Colorado","Both",2004,21.19,15.32
"Colorado","Males",2005,22.56,15.75
"Colorado","Females",2005,19.4,14.42
"Colorado","Both",2005,20.95,15.07
"Colorado","Males",2006,22.38,15.59
"Colorado","Females",2006,19.04,14.02
"Colorado","Both",2006,20.68,14.79
"Colorado","Males",2007,22.18,15.54
"Colorado","Females",2007,18.57,13.62
"Colorado","Both",2007,20.34,14.56
"Colorado","Males",2008,21.73,15.21
"Colorado","Females",2008,17.86,13.14
"Colorado","Both",2008,19.76,14.15
"Colorado","Males",2009,21.54,15.09
"Colorado","Females",2009,17.56,12.65
"Colorado","Both",2009,19.51,13.85
"Colorado","Males",2010,21.38,14.83
"Colorado","Females",2010,17.05,12.02
"Colorado","Both",2010,19.17,13.4
"Colorado","Males",2011,20.68,14.1
"Colorado","Females",2011,17.36,11.86
"Colorado","Both",2011,18.99,12.96
"Colorado","Males",2012,20.1,13.49
"Colorado","Females",2012,16.93,11.4
"Colorado","Both",2012,18.48,12.43
"Connecticut","Males",1996,24.12,19.7
"Connecticut","Females",1996,22.39,17.9
"Connecticut","Both",1996,23.24,18.78
"Connecticut","Males",1997,23.95,19.27
"Connecticut","Females",1997,22.31,17.65
"Connecticut","Both",1997,23.11,18.45
"Connecticut","Males",1998,23.84,18.85
"Connecticut","Females",1998,22.1,17.4
"Connecticut","Both",1998,22.95,18.11
"Connecticut","Males",1999,24.04,18.72
"Connecticut","Females",1999,22.43,17.17
"Connecticut","Both",1999,23.22,17.93
"Connecticut","Males",2000,23.9,18.33
"Connecticut","Females",2000,22.26,16.96
"Connecticut","Both",2000,23.07,17.63
"Connecticut","Males",2001,23.93,18.27
"Connecticut","Females",2001,21.72,16.55
"Connecticut","Both",2001,22.81,17.39
"Connecticut","Males",2002,23.74,17.97
"Connecticut","Females",2002,21.3,16.07
"Connecticut","Both",2002,22.5,17
"Connecticut","Males",2003,23.5,17.43
"Connecticut","Females",2003,20.83,15.57
"Connecticut","Both",2003,22.14,16.48
"Connecticut","Males",2004,23.09,16.93
"Connecticut","Females",2004,20.08,15.16
"Connecticut","Both",2004,21.56,16.03
"Connecticut","Males",2005,22.62,16.21
"Connecticut","Females",2005,19.53,14.6
"Connecticut","Both",2005,21.04,15.39
"Connecticut","Males",2006,22.22,15.89
"Connecticut","Females",2006,19.06,14.05
"Connecticut","Both",2006,20.61,14.95
"Connecticut","Males",2007,21.71,15.28
"Connecticut","Females",2007,18.5,13.59
"Connecticut","Both",2007,20.08,14.42
"Connecticut","Males",2008,21.48,15.04
"Connecticut","Females",2008,17.62,12.78
"Connecticut","Both",2008,19.51,13.89
"Connecticut","Males",2009,20.77,14.46
"Connecticut","Females",2009,16.87,12.19
"Connecticut","Both",2009,18.78,13.31
"Connecticut","Males",2010,20.43,14.2
"Connecticut","Females",2010,16.28,11.51
"Connecticut","Both",2010,18.32,12.83
"Connecticut","Males",2011,20.03,13.87
"Connecticut","Females",2011,16.37,11.63
"Connecticut","Both",2011,18.17,12.73
"Connecticut","Males",2012,19.34,13.15
"Connecticut","Females",2012,15.84,11.08
"Connecticut","Both",2012,17.56,12.1
"Delaware","Males",1996,29.01,24.97
"Delaware","Females",1996,23.82,20.65
"Delaware","Both",1996,26.37,22.77
"Delaware","Males",1997,28.6,24.21
"Delaware","Females",1997,23.63,20.16
"Delaware","Both",1997,26.07,22.15
"Delaware","Males",1998,28.97,24.28
"Delaware","Females",1998,23.84,20.1
"Delaware","Both",1998,26.36,22.15
"Delaware","Males",1999,29.5,24.16
"Delaware","Females",1999,24.26,19.87
"Delaware","Both",1999,26.83,21.98
"Delaware","Males",2000,28.88,23.61
"Delaware","Females",2000,24.01,19.23
"Delaware","Both",2000,26.4,21.38
"Delaware","Males",2001,28.15,22.58
"Delaware","Females",2001,23.26,18.12
"Delaware","Both",2001,25.66,20.31
"Delaware","Males",2002,28,22.29
"Delaware","Females",2002,22.85,17.6
"Delaware","Both",2002,25.38,19.9
"Delaware","Males",2003,29.25,23.3
"Delaware","Females",2003,23.58,18.21
"Delaware","Both",2003,26.36,20.71
"Delaware","Males",2004,28.11,22.45
"Delaware","Females",2004,22.79,17.42
"Delaware","Both",2004,25.4,19.89
"Delaware","Males",2005,27.1,21.3
"Delaware","Females",2005,22.46,17.07
"Delaware","Both",2005,24.74,19.15
"Delaware","Males",2006,27.25,21.29
"Delaware","Females",2006,22.55,17.01
"Delaware","Both",2006,24.86,19.11
"Delaware","Males",2007,26.77,20.78
"Delaware","Females",2007,22.42,16.97
"Delaware","Both",2007,24.56,18.84
"Delaware","Males",2008,25.08,19.19
"Delaware","Females",2008,20.91,15.5
"Delaware","Both",2008,22.96,17.31
"Delaware","Males",2009,24.76,18.72
"Delaware","Females",2009,20.44,15.24
"Delaware","Both",2009,22.56,16.95
"Delaware","Males",2010,24.22,17.79
"Delaware","Females",2010,19.88,14.59
"Delaware","Both",2010,22.01,16.17
"Delaware","Males",2011,23.8,17.51
"Delaware","Females",2011,20.84,15.66
"Delaware","Both",2011,22.29,16.57
"Delaware","Males",2012,23.03,16.65
"Delaware","Females",2012,20.26,15.02
"Delaware","Both",2012,21.62,15.82
"District Of Columbia","Males",1996,24.64,18.23
"District Of Columbia","Females",1996,17.26,11.7
"District Of Columbia","Both",1996,20.88,14.91
"District Of Columbia","Males",1997,24.59,17.87
"District Of Columbia","Females",1997,17.85,12.02
"District Of Columbia","Both",1997,21.16,14.89
"District Of Columbia","Males",1998,24.5,17.48
"District Of Columbia","Females",1998,18.38,12.27
"District Of Columbia","Both",1998,21.39,14.83
"District Of Columbia","Males",1999,25.77,17.79
"District Of Columbia","Females",1999,19.12,12.56
"District Of Columbia","Both",1999,22.39,15.13
"District Of Columbia","Males",2000,26.42,18.02
"District Of Columbia","Females",2000,20.7,13.81
"District Of Columbia","Both",2000,23.51,15.88
"District Of Columbia","Males",2001,26.37,17.4
"District Of Columbia","Females",2001,20.79,13.7
"District Of Columbia","Both",2001,23.53,15.52
"District Of Columbia","Males",2002,27.07,17.33
"District Of Columbia","Females",2002,20.88,13.29
"District Of Columbia","Both",2002,23.92,15.28
"District Of Columbia","Males",2003,27.39,17.12
"District Of Columbia","Females",2003,20.63,13.02
"District Of Columbia","Both",2003,23.95,15.03
"District Of Columbia","Males",2004,26.21,15.99
"District Of Columbia","Females",2004,20.06,12.67
"District Of Columbia","Both",2004,23.07,14.3
"District Of Columbia","Males",2005,25.41,15.52
"District Of Columbia","Females",2005,19.71,12.43
"District Of Columbia","Both",2005,22.51,13.94
"District Of Columbia","Males",2006,25.09,15.42
"District Of Columbia","Females",2006,19.76,12.36
"District Of Columbia","Both",2006,22.38,13.86
"District Of Columbia","Males",2007,23.83,14.63
"District Of Columbia","Females",2007,19.75,12.54
"District Of Columbia","Both",2007,21.75,13.57
"District Of Columbia","Males",2008,23.16,14.42
"District Of Columbia","Females",2008,19.08,12.2
"District Of Columbia","Both",2008,21.08,13.29
"District Of Columbia","Males",2009,23.11,14.39
"District Of Columbia","Females",2009,19.13,12.13
"District Of Columbia","Both",2009,21.09,13.24
"District Of Columbia","Males",2010,22.69,13.69
"District Of Columbia","Females",2010,18.72,11.49
"District Of Columbia","Both",2010,20.67,12.57
"District Of Columbia","Males",2011,22.26,12.65
"District Of Columbia","Females",2011,18.54,11.02
"District Of Columbia","Both",2011,20.36,11.82
"District Of Columbia","Males",2012,21.47,11.99
"District Of Columbia","Females",2012,17.86,10.45
"District Of Columbia","Both",2012,19.63,11.21
"Florida","Males",1996,27.99,23.17
"Florida","Females",1996,23.03,19.19
"Florida","Both",1996,25.47,21.15
"Florida","Males",1997,27.96,22.79
"Florida","Females",1997,23.08,19
"Florida","Both",1997,25.47,20.86
"Florida","Males",1998,27.82,22.29
"Florida","Females",1998,23.06,18.75
"Florida","Both",1998,25.39,20.49
"Florida","Males",1999,28.06,22.24
"Florida","Females",1999,22.98,18.3
"Florida","Both",1999,25.48,20.23
"Florida","Males",2000,27.8,21.78
"Florida","Females",2000,22.91,18.17
"Florida","Both",2000,25.31,19.94
"Florida","Males",2001,27.69,21.37
"Florida","Females",2001,23.09,18.07
"Florida","Both",2001,25.35,19.69
"Florida","Males",2002,27.99,21.29
"Florida","Females",2002,23.02,17.62
"Florida","Both",2002,25.46,19.42
"Florida","Males",2003,28.24,21.2
"Florida","Females",2003,22.67,17.28
"Florida","Both",2003,25.41,19.21
"Florida","Males",2004,27.62,20.71
"Florida","Females",2004,22.55,17.16
"Florida","Both",2004,25.04,18.9
"Florida","Males",2005,27.46,20.51
"Florida","Females",2005,22.38,17.02
"Florida","Both",2005,24.88,18.73
"Florida","Males",2006,26.86,19.83
"Florida","Females",2006,21.79,16.37
"Florida","Both",2006,24.28,18.07
"Florida","Males",2007,26.17,19.38
"Florida","Females",2007,21.27,15.9
"Florida","Both",2007,23.68,17.61
"Florida","Males",2008,25.16,18.5
"Florida","Females",2008,20.97,15.57
"Florida","Both",2008,23.03,17.01
"Florida","Males",2009,25.05,18.28
"Florida","Females",2009,20.39,15.17
"Florida","Both",2009,22.67,16.7
"Florida","Males",2010,23.78,16.59
"Florida","Females",2010,19.29,13.89
"Florida","Both",2010,21.49,15.22
"Florida","Males",2011,24.19,16.57
"Florida","Females",2011,18.23,13.19
"Florida","Both",2011,21.16,14.85
"Florida","Males",2012,23.31,15.69
"Florida","Females",2012,17.6,12.53
"Florida","Both",2012,20.4,14.08
"Georgia","Males",1996,28.75,24.14
"Georgia","Females",1996,20.93,17.08
"Georgia","Both",1996,24.77,20.55
"Georgia","Males",1997,28.52,23.54
"Georgia","Females",1997,20.92,16.86
"Georgia","Both",1997,24.65,20.14
"Georgia","Males",1998,28.42,23.07
"Georgia","Females",1998,20.95,16.7
"Georgia","Both",1998,24.61,19.83
"Georgia","Males",1999,28.57,22.5
"Georgia","Females",1999,21.83,17.17
"Georgia","Both",1999,25.14,19.78
"Georgia","Males",2000,27.08,20.76
"Georgia","Females",2000,21.16,16.32
"Georgia","Both",2000,24.07,18.5
"Georgia","Males",2001,28.07,21.51
"Georgia","Females",2001,21.67,16.69
"Georgia","Both",2001,24.81,19.06
"Georgia","Males",2002,27.51,20.9
"Georgia","Females",2002,21.25,16.27
"Georgia","Both",2002,24.32,18.54
"Georgia","Males",2003,27.52,20.66
"Georgia","Females",2003,21.37,16.29
"Georgia","Both",2003,24.39,18.44
"Georgia","Males",2004,26.75,19.82
"Georgia","Females",2004,20.51,15.62
"Georgia","Both",2004,23.58,17.68
"Georgia","Males",2005,26.68,19.49
"Georgia","Females",2005,20.27,15.32
"Georgia","Both",2005,23.42,17.37
"Georgia","Males",2006,26.24,19.14
"Georgia","Females",2006,19.89,14.98
"Georgia","Both",2006,23.01,17.02
"Georgia","Males",2007,25.96,18.65
"Georgia","Females",2007,19.51,14.59
"Georgia","Both",2007,22.68,16.59
"Georgia","Males",2008,25.32,18.08
"Georgia","Females",2008,18.98,14.03
"Georgia","Both",2008,22.09,16.02
"Georgia","Males",2009,24.63,17.53
"Georgia","Females",2009,18.6,13.58
"Georgia","Both",2009,21.56,15.52
"Georgia","Males",2010,24.53,17.14
"Georgia","Females",2010,18.44,13.13
"Georgia","Both",2010,21.43,15.1
"Georgia","Males",2011,24.41,16.9
"Georgia","Females",2011,18.39,13.03
"Georgia","Both",2011,21.34,14.93
"Georgia","Males",2012,23.67,16.12
"Georgia","Females",2012,17.86,12.48
"Georgia","Both",2012,20.71,14.27
"Hawaii","Males",1996,25.22,20.89
"Hawaii","Females",1996,18.77,15.62
"Hawaii","Both",1996,21.94,18.21
"Hawaii","Males",1997,24.6,20.26
"Hawaii","Females",1997,18.48,15.2
"Hawaii","Both",1997,21.49,17.68
"Hawaii","Males",1998,23.5,19.12
"Hawaii","Females",1998,17.97,14.51
"Hawaii","Both",1998,20.68,16.77
"Hawaii","Males",1999,23.42,18.87
"Hawaii","Females",1999,17.95,14.43
"Hawaii","Both",1999,20.64,16.61
"Hawaii","Males",2000,24.28,19.81
"Hawaii","Females",2000,17.77,14.29
"Hawaii","Both",2000,20.97,17
"Hawaii","Males",2001,24.3,19.87
"Hawaii","Females",2001,17.74,14.43
"Hawaii","Both",2001,20.96,17.1
"Hawaii","Males",2002,24.71,20.25
"Hawaii","Females",2002,17.75,14.42
"Hawaii","Both",2002,21.17,17.29
"Hawaii","Males",2003,24.88,19.79
"Hawaii","Females",2003,17.86,14.06
"Hawaii","Both",2003,21.3,16.87
"Hawaii","Males",2004,24.03,18.87
"Hawaii","Females",2004,17.84,13.78
"Hawaii","Both",2004,20.88,16.28
"Hawaii","Males",2005,22.64,17.47
"Hawaii","Females",2005,18.1,13.88
"Hawaii","Both",2005,20.33,15.64
"Hawaii","Males",2006,22.49,17
"Hawaii","Females",2006,17.81,13.34
"Hawaii","Both",2006,20.11,15.14
"Hawaii","Males",2007,21.78,16.26
"Hawaii","Females",2007,17.32,12.92
"Hawaii","Both",2007,19.51,14.56
"Hawaii","Males",2008,21.42,15.87
"Hawaii","Females",2008,17.15,12.89
"Hawaii","Both",2008,19.25,14.35
"Hawaii","Males",2009,20.77,15.25
"Hawaii","Females",2009,16.52,12.46
"Hawaii","Both",2009,18.61,13.83
"Hawaii","Males",2010,20.22,14.31
"Hawaii","Females",2010,15.7,11.55
"Hawaii","Both",2010,17.92,12.91
"Hawaii","Males",2011,19.74,13.82
"Hawaii","Females",2011,15.04,10.79
"Hawaii","Both",2011,17.35,12.28
"Hawaii","Males",2012,19.07,13.13
"Hawaii","Females",2012,14.59,10.3
"Hawaii","Both",2012,16.79,11.69
"Idaho","Males",1996,24.65,19.97
"Idaho","Females",1996,20.83,16.73
"Idaho","Both",1996,22.7,18.32
"Idaho","Males",1997,24.64,19.63
"Idaho","Females",1997,20.98,16.75
"Idaho","Both",1997,22.78,18.17
"Idaho","Males",1998,24.79,19.46
"Idaho","Females",1998,21.25,16.82
"Idaho","Both",1998,22.99,18.12
"Idaho","Males",1999,24.53,19.04
"Idaho","Females",1999,21.23,16.69
"Idaho","Both",1999,22.85,17.84
"Idaho","Males",2000,24.11,18.5
"Idaho","Females",2000,21.13,16.51
"Idaho","Both",2000,22.59,17.49
"Idaho","Males",2001,24.37,18.75
"Idaho","Females",2001,21.48,16.87
"Idaho","Both",2001,22.9,17.79
"Idaho","Males",2002,24.19,18.59
"Idaho","Females",2002,21.08,16.56
"Idaho","Both",2002,22.61,17.56
"Idaho","Males",2003,23.98,18.43
"Idaho","Females",2003,20.55,16.1
"Idaho","Both",2003,22.23,17.24
"Idaho","Males",2004,23.71,18.29
"Idaho","Females",2004,19.89,15.57
"Idaho","Both",2004,21.77,16.9
"Idaho","Males",2005,23.48,18.11
"Idaho","Females",2005,19.79,15.39
"Idaho","Both",2005,21.6,16.72
"Idaho","Males",2006,23.35,17.78
"Idaho","Females",2006,19.35,14.89
"Idaho","Both",2006,21.32,16.31
"Idaho","Males",2007,23.3,17.71
"Idaho","Females",2007,19.15,14.71
"Idaho","Both",2007,21.19,16.18
"Idaho","Males",2008,22.92,17.48
"Idaho","Females",2008,18.54,14.15
"Idaho","Both",2008,20.69,15.78
"Idaho","Males",2009,22.57,16.92
"Idaho","Females",2009,18.37,14.02
"Idaho","Both",2009,20.43,15.44
"Idaho","Males",2010,22.17,16.36
"Idaho","Females",2010,17.98,13.56
"Idaho","Both",2010,20.04,14.93
"Idaho","Males",2011,22.14,16.28
"Idaho","Females",2011,18.51,14.22
"Idaho","Both",2011,20.29,15.23
"Idaho","Males",2012,21.39,15.49
"Idaho","Females",2012,17.99,13.65
"Idaho","Both",2012,19.66,14.55
"Illinois","Males",1996,27.54,22.23
"Illinois","Females",1996,22.52,18.19
"Illinois","Both",1996,24.99,20.18
"Illinois","Males",1997,27.28,21.61
"Illinois","Females",1997,22.33,17.83
"Illinois","Both",1997,24.76,19.69
"Illinois","Males",1998,27.21,21.2
"Illinois","Females",1998,22.28,17.55
"Illinois","Both",1998,24.7,19.35
"Illinois","Males",1999,26.97,20.35
"Illinois","Females",1999,22.01,17.02
"Illinois","Both",1999,24.45,18.65
"Illinois","Males",2000,27.05,20.2
"Illinois","Females",2000,21.84,16.89
"Illinois","Both",2000,24.4,18.52
"Illinois","Males",2001,27.57,20.58
"Illinois","Females",2001,21.95,16.9
"Illinois","Both",2001,24.71,18.71
"Illinois","Males",2002,28.3,20.51
"Illinois","Females",2002,22.11,16.81
"Illinois","Both",2002,25.15,18.62
"Illinois","Males",2003,27.27,19.6
"Illinois","Females",2003,21.3,16.06
"Illinois","Both",2003,24.23,17.8
"Illinois","Males",2004,27.41,19.78
"Illinois","Females",2004,21,15.78
"Illinois","Both",2004,24.15,17.74
"Illinois","Males",2005,27.1,19.1
"Illinois","Females",2005,20.79,15.43
"Illinois","Both",2005,23.89,17.23
"Illinois","Males",2006,26.43,18.62
"Illinois","Females",2006,20.56,15.01
"Illinois","Both",2006,23.44,16.78
"Illinois","Males",2007,25.5,17.77
"Illinois","Females",2007,20.26,14.45
"Illinois","Both",2007,22.83,16.08
"Illinois","Males",2008,25.56,17.73
"Illinois","Females",2008,19.67,13.94
"Illinois","Both",2008,22.56,15.8
"Illinois","Males",2009,24.92,17.25
"Illinois","Females",2009,19.32,13.65
"Illinois","Both",2009,22.07,15.42
"Illinois","Males",2010,24.22,16.64
"Illinois","Females",2010,18.8,13.09
"Illinois","Both",2010,21.46,14.83
"Illinois","Males",2011,22.5,15.51
"Illinois","Females",2011,18.13,12.96
"Illinois","Both",2011,20.28,14.21
"Illinois","Males",2012,21.92,14.89
"Illinois","Females",2012,17.71,12.52
"Illinois","Both",2012,19.78,13.68
"Indiana","Males",1996,31.93,27.67
"Indiana","Females",1996,26.01,22.28
"Indiana","Both",1996,28.92,24.93
"Indiana","Males",1997,31.87,27.19
"Indiana","Females",1997,26.02,22.15
"Indiana","Both",1997,28.89,24.63
"Indiana","Males",1998,31.83,26.74
"Indiana","Females",1998,26.06,22.03
"Indiana","Both",1998,28.89,24.34
"Indiana","Males",1999,32.02,26.46
"Indiana","Females",1999,26.33,21.91
"Indiana","Both",1999,29.12,24.14
"Indiana","Males",2000,31.56,25.92
"Indiana","Females",2000,26.48,21.84
"Indiana","Both",2000,28.98,23.84
"Indiana","Males",2001,31.54,25.81
"Indiana","Females",2001,26.62,21.87
"Indiana","Both",2001,29.03,23.8
"Indiana","Males",2002,31.49,25.5
"Indiana","Females",2002,26.83,21.76
"Indiana","Both",2002,29.12,23.6
"Indiana","Males",2003,30.6,24.37
"Indiana","Females",2003,26.29,20.85
"Indiana","Both",2003,28.41,22.58
"Indiana","Males",2004,29.91,23.73
"Indiana","Females",2004,25.8,20.37
"Indiana","Both",2004,27.81,22.02
"Indiana","Males",2005,29.58,23.15
"Indiana","Females",2005,25.74,20.11
"Indiana","Both",2005,27.63,21.6
"Indiana","Males",2006,29.29,22.84
"Indiana","Females",2006,25.8,19.93
"Indiana","Both",2006,27.52,21.36
"Indiana","Males",2007,29.2,22.64
"Indiana","Females",2007,25.95,19.87
"Indiana","Both",2007,27.54,21.23
"Indiana","Males",2008,28.02,21.41
"Indiana","Females",2008,24.65,18.81
"Indiana","Both",2008,26.31,20.09
"Indiana","Males",2009,27.9,21.3
"Indiana","Females",2009,24.36,18.58
"Indiana","Both",2009,26.1,19.91
"Indiana","Males",2010,27.8,20.91
"Indiana","Females",2010,23.86,17.91
"Indiana","Both",2010,25.79,19.39
"Indiana","Males",2011,27.32,20.74
"Indiana","Females",2011,23.24,17.64
"Indiana","Both",2011,25.24,19.16
"Indiana","Males",2012,26.43,19.74
"Indiana","Females",2012,22.54,16.86
"Indiana","Both",2012,24.45,18.27
"Iowa","Males",1996,28.12,23.86
"Iowa","Females",1996,23.11,19.45
"Iowa","Both",1996,25.57,21.61
"Iowa","Males",1997,27.98,23.39
"Iowa","Females",1997,23.11,19.29
"Iowa","Both",1997,25.5,21.3
"Iowa","Males",1998,27.9,22.97
"Iowa","Females",1998,23.15,19.12
"Iowa","Both",1998,25.48,21.01
"Iowa","Males",1999,27.73,22.43
"Iowa","Females",1999,23.25,18.93
"Iowa","Both",1999,25.45,20.65
"Iowa","Males",2000,27.81,22.28
"Iowa","Females",2000,23.22,18.8
"Iowa","Both",2000,25.47,20.51
"Iowa","Males",2001,27.59,22.14
"Iowa","Females",2001,23.11,18.46
"Iowa","Both",2001,25.31,20.27
"Iowa","Males",2002,27.04,21.56
"Iowa","Females",2002,22.87,18.22
"Iowa","Both",2002,24.92,19.86
"Iowa","Males",2003,26.62,21.08
"Iowa","Females",2003,22.9,18.01
"Iowa","Both",2003,24.72,19.52
"Iowa","Males",2004,26.36,20.83
"Iowa","Females",2004,22.81,17.85
"Iowa","Both",2004,24.56,19.31
"Iowa","Males",2005,25.78,20.09
"Iowa","Females",2005,22.54,17.41
"Iowa","Both",2005,24.13,18.73
"Iowa","Males",2006,25.46,19.67
"Iowa","Females",2006,22.21,17.04
"Iowa","Both",2006,23.81,18.33
"Iowa","Males",2007,24.97,19.16
"Iowa","Females",2007,21.52,16.43
"Iowa","Both",2007,23.22,17.77
"Iowa","Males",2008,24.4,18.44
"Iowa","Females",2008,20.56,15.63
"Iowa","Both",2008,22.45,17.01
"Iowa","Males",2009,23.76,17.71
"Iowa","Females",2009,19.81,15.1
"Iowa","Both",2009,21.75,16.38
"Iowa","Males",2010,23.5,17.42
"Iowa","Females",2010,19.4,14.7
"Iowa","Both",2010,21.41,16.04
"Iowa","Males",2011,22.85,16.91
"Iowa","Females",2011,19.66,15.04
"Iowa","Both",2011,21.22,15.96
"Iowa","Males",2012,22.18,16.17
"Iowa","Females",2012,19.16,14.47
"Iowa","Both",2012,20.64,15.3
"Kansas","Males",1996,26.62,22.57
"Kansas","Females",1996,21.01,17.79
"Kansas","Both",1996,23.76,20.14
"Kansas","Males",1997,26.53,22.14
"Kansas","Females",1997,21.03,17.69
"Kansas","Both",1997,23.73,19.87
"Kansas","Males",1998,26.34,21.62
"Kansas","Females",1998,21.04,17.51
"Kansas","Both",1998,23.64,19.53
"Kansas","Males",1999,26.1,20.88
"Kansas","Females",1999,21.5,17.47
"Kansas","Both",1999,23.76,19.14
"Kansas","Males",2000,25.94,20.53
"Kansas","Females",2000,21.8,17.57
"Kansas","Both",2000,23.83,19.02
"Kansas","Males",2001,26.01,20.58
"Kansas","Females",2001,22.29,17.88
"Kansas","Both",2001,24.12,19.2
"Kansas","Males",2002,26.29,20.55
"Kansas","Females",2002,22.36,17.65
"Kansas","Both",2002,24.29,19.07
"Kansas","Males",2003,25.06,19.3
"Kansas","Females",2003,21.71,16.92
"Kansas","Both",2003,23.35,18.09
"Kansas","Males",2004,24.95,19.14
"Kansas","Females",2004,21.49,16.81
"Kansas","Both",2004,23.19,17.95
"Kansas","Males",2005,24.66,18.75
"Kansas","Females",2005,21.29,16.58
"Kansas","Both",2005,22.95,17.65
"Kansas","Males",2006,24.59,18.56
"Kansas","Females",2006,21.12,16.29
"Kansas","Both",2006,22.82,17.41
"Kansas","Males",2007,23.97,17.97
"Kansas","Females",2007,21,16.05
"Kansas","Both",2007,22.45,16.99
"Kansas","Males",2008,23.92,17.83
"Kansas","Females",2008,20.87,15.89
"Kansas","Both",2008,22.37,16.84
"Kansas","Males",2009,23.81,17.71
"Kansas","Females",2009,20.47,15.56
"Kansas","Both",2009,22.11,16.62
"Kansas","Males",2010,23.57,17.32
"Kansas","Females",2010,20.16,15.12
"Kansas","Both",2010,21.84,16.2
"Kansas","Males",2011,23.46,17.18
"Kansas","Females",2011,19.75,14.91
"Kansas","Both",2011,21.57,16.03
"Kansas","Males",2012,22.89,16.55
"Kansas","Females",2012,19.32,14.43
"Kansas","Both",2012,21.07,15.47
"Kentucky","Males",1996,35.07,31.91
"Kentucky","Females",1996,28.86,25.9
"Kentucky","Both",1996,31.91,28.85
"Kentucky","Males",1997,35.53,32.04
"Kentucky","Females",1997,29.22,25.99
"Kentucky","Both",1997,32.32,28.96
"Kentucky","Males",1998,34.51,30.47
"Kentucky","Females",1998,28.69,25.22
"Kentucky","Both",1998,31.55,27.8
"Kentucky","Males",1999,34.31,29.91
"Kentucky","Females",1999,28.84,25.08
"Kentucky","Both",1999,31.52,27.45
"Kentucky","Males",2000,34.25,29.72
"Kentucky","Females",2000,28.91,24.88
"Kentucky","Both",2000,31.53,27.26
"Kentucky","Males",2001,33.65,28.83
"Kentucky","Females",2001,28.69,24.49
"Kentucky","Both",2001,31.13,26.63
"Kentucky","Males",2002,32.43,27.24
"Kentucky","Females",2002,28.4,23.85
"Kentucky","Both",2002,30.37,25.51
"Kentucky","Males",2003,33.84,28.32
"Kentucky","Females",2003,29.05,24.27
"Kentucky","Both",2003,31.4,26.26
"Kentucky","Males",2004,33.17,27.71
"Kentucky","Females",2004,28.72,23.88
"Kentucky","Both",2004,30.9,25.76
"Kentucky","Males",2005,32.83,26.96
"Kentucky","Females",2005,28.81,23.81
"Kentucky","Both",2005,30.78,25.35
"Kentucky","Males",2006,30.79,24.79
"Kentucky","Females",2006,27.65,22.29
"Kentucky","Both",2006,29.19,23.52
"Kentucky","Males",2007,31.03,24.73
"Kentucky","Females",2007,27.99,22.47
"Kentucky","Both",2007,29.48,23.58
"Kentucky","Males",2008,30.8,24.55
"Kentucky","Females",2008,28.12,22.65
"Kentucky","Both",2008,29.44,23.58
"Kentucky","Males",2009,30.03,23.65
"Kentucky","Females",2009,27.41,22.11
"Kentucky","Both",2009,28.7,22.87
"Kentucky","Males",2010,29.81,23.13
"Kentucky","Females",2010,26.85,21.31
"Kentucky","Both",2010,28.31,22.2
"Kentucky","Males",2011,29.71,23.4
"Kentucky","Females",2011,26.74,21.6
"Kentucky","Both",2011,28.2,22.48
"Kentucky","Males",2012,28.77,22.32
"Kentucky","Females",2012,25.97,20.7
"Kentucky","Both",2012,27.35,21.5
"Louisiana","Males",1996,30.83,25.89
"Louisiana","Females",1996,22.95,19.03
"Louisiana","Both",1996,26.82,22.39
"Louisiana","Males",1997,30.69,25.43
"Louisiana","Females",1997,22.99,18.84
"Louisiana","Both",1997,26.77,22.07
"Louisiana","Males",1998,30.41,24.86
"Louisiana","Females",1998,23.01,18.66
"Louisiana","Both",1998,26.64,21.71
"Louisiana","Males",1999,30.34,24.35
"Louisiana","Females",1999,23.1,18.38
"Louisiana","Both",1999,26.66,21.31
"Louisiana","Males",2000,30.45,24.47
"Louisiana","Females",2000,23.48,18.74
"Louisiana","Both",2000,26.91,21.55
"Louisiana","Males",2001,29.72,23.33
"Louisiana","Females",2001,23.3,18.26
"Louisiana","Both",2001,26.45,20.75
"Louisiana","Males",2002,30.61,23.72
"Louisiana","Females",2002,23.87,18.53
"Louisiana","Both",2002,27.18,21.08
"Louisiana","Males",2003,30.09,22.77
"Louisiana","Females",2003,23.56,18.14
"Louisiana","Both",2003,26.77,20.41
"Louisiana","Males",2004,30.16,22.7
"Louisiana","Females",2004,23.7,18.27
"Louisiana","Both",2004,26.87,20.45
"Louisiana","Males",2005,30.55,22.77
"Louisiana","Females",2005,23.92,18.19
"Louisiana","Both",2005,27.17,20.43
"Louisiana","Males",2006,29.27,21.71
"Louisiana","Females",2006,22.99,17.61
"Louisiana","Both",2006,26.07,19.62
"Louisiana","Males",2007,29.82,22.23
"Louisiana","Females",2007,23.01,17.69
"Louisiana","Both",2007,26.35,19.92
"Louisiana","Males",2008,29.8,22.37
"Louisiana","Females",2008,22.92,17.57
"Louisiana","Both",2008,26.3,19.93
"Louisiana","Males",2009,29.39,21.91
"Louisiana","Females",2009,22.78,17.47
"Louisiana","Both",2009,26.03,19.65
"Louisiana","Males",2010,28.93,21.28
"Louisiana","Females",2010,22.47,17.15
"Louisiana","Both",2010,25.64,19.18
"Louisiana","Males",2011,28.96,21.33
"Louisiana","Females",2011,22.95,17.79
"Louisiana","Both",2011,25.9,19.53
"Louisiana","Males",2012,27.87,20.15
"Louisiana","Females",2012,22.15,16.87
"Louisiana","Both",2012,24.96,18.48
"Maine","Males",1996,27.34,24.26
"Maine","Females",1996,23.12,20.19
"Maine","Both",1996,25.19,22.19
"Maine","Males",1997,27.28,23.91
"Maine","Females",1997,23.33,20.22
"Maine","Both",1997,25.27,22.03
"Maine","Males",1998,26.78,23.07
"Maine","Females",1998,23.23,20
"Maine","Both",1998,24.97,21.51
"Maine","Males",1999,26.57,22.19
"Maine","Females",1999,22.83,19.24
"Maine","Both",1999,24.66,20.69
"Maine","Males",2000,26.73,22.03
"Maine","Females",2000,23.02,19.19
"Maine","Both",2000,24.84,20.58
"Maine","Males",2001,27.08,22.3
"Maine","Females",2001,23.62,19.52
"Maine","Both",2001,25.32,20.88
"Maine","Males",2002,26.92,21.88
"Maine","Females",2002,23.2,18.94
"Maine","Both",2002,25.03,20.38
"Maine","Males",2003,27.01,21.57
"Maine","Females",2003,22.46,17.76
"Maine","Both",2003,24.69,19.63
"Maine","Males",2004,26.11,20.73
"Maine","Females",2004,22.49,17.85
"Maine","Both",2004,24.27,19.26
"Maine","Males",2005,26.31,20.77
"Maine","Females",2005,22.73,17.92
"Maine","Both",2005,24.49,19.32
"Maine","Males",2006,25.86,20.05
"Maine","Females",2006,21.62,16.9
"Maine","Both",2006,23.7,18.45
"Maine","Males",2007,25.08,19.13
"Maine","Females",2007,21.34,16.4
"Maine","Both",2007,23.18,17.74
"Maine","Males",2008,24.5,18.59
"Maine","Females",2008,21.07,16.19
"Maine","Both",2008,22.76,17.37
"Maine","Males",2009,24.46,18.6
"Maine","Females",2009,20.37,15.5
"Maine","Both",2009,22.38,17.02
"Maine","Males",2010,24.12,18.12
"Maine","Females",2010,19.87,14.91
"Maine","Both",2010,21.96,16.49
"Maine","Males",2011,24.51,18.54
"Maine","Females",2011,19.63,14.8
"Maine","Both",2011,22.03,16.64
"Maine","Males",2012,23.76,17.7
"Maine","Females",2012,19.1,14.19
"Maine","Both",2012,21.39,15.91
"Maryland","Males",1996,24.72,20.12
"Maryland","Females",1996,20.88,17.27
"Maryland","Both",1996,22.76,18.66
"Maryland","Males",1997,24.46,19.53
"Maryland","Females",1997,20.77,16.9
"Maryland","Both",1997,22.58,18.19
"Maryland","Males",1998,24.34,19.09
"Maryland","Females",1998,20.69,16.58
"Maryland","Both",1998,22.48,17.81
"Maryland","Males",1999,24.75,19.05
"Maryland","Females",1999,20.22,15.89
"Maryland","Both",1999,22.44,17.44
"Maryland","Males",2000,24.72,18.35
"Maryland","Females",2000,19.98,15.35
"Maryland","Both",2000,22.3,16.82
"Maryland","Males",2001,25.25,19.18
"Maryland","Females",2001,19.93,15.14
"Maryland","Both",2001,22.54,17.12
"Maryland","Males",2002,25.9,19.5
"Maryland","Females",2002,19.89,14.85
"Maryland","Both",2002,22.84,17.13
"Maryland","Males",2003,25.04,18.75
"Maryland","Females",2003,19.66,14.53
"Maryland","Both",2003,22.3,16.6
"Maryland","Males",2004,24.43,18.2
"Maryland","Females",2004,19.67,14.57
"Maryland","Both",2004,22.01,16.35
"Maryland","Males",2005,23.67,17.39
"Maryland","Females",2005,19.53,14.28
"Maryland","Both",2005,21.57,15.81
"Maryland","Males",2006,22.65,16.37
"Maryland","Females",2006,18.98,13.83
"Maryland","Both",2006,20.78,15.08
"Maryland","Males",2007,21.91,15.76
"Maryland","Females",2007,18.56,13.44
"Maryland","Both",2007,20.21,14.58
"Maryland","Males",2008,21.25,15.05
"Maryland","Females",2008,17.67,12.72
"Maryland","Both",2008,19.43,13.87
"Maryland","Males",2009,20.73,14.53
"Maryland","Females",2009,17.03,12.21
"Maryland","Both",2009,18.85,13.35
"Maryland","Males",2010,20.46,14.22
"Maryland","Females",2010,16.61,11.79
"Maryland","Both",2010,18.5,12.98
"Maryland","Males",2011,20.86,14.45
"Maryland","Females",2011,16.76,12.1
"Maryland","Both",2011,18.78,13.26
"Maryland","Males",2012,20.26,13.81
"Maryland","Females",2012,16.32,11.63
"Maryland","Both",2012,18.26,12.7
"Massachusetts","Males",1996,23.64,19.73
"Massachusetts","Females",1996,22.13,17.82
"Massachusetts","Both",1996,22.87,18.76
"Massachusetts","Males",1997,23.11,18.89
"Massachusetts","Females",1997,21.89,17.45
"Massachusetts","Both",1997,22.49,18.16
"Massachusetts","Males",1998,22.96,18.43
"Massachusetts","Females",1998,21.83,17.21
"Massachusetts","Both",1998,22.39,17.81
"Massachusetts","Males",1999,22.55,17.96
"Massachusetts","Females",1999,21.66,17.11
"Massachusetts","Both",1999,22.1,17.52
"Massachusetts","Males",2000,22.68,17.86
"Massachusetts","Females",2000,21.71,16.71
"Massachusetts","Both",2000,22.18,17.28
"Massachusetts","Males",2001,22.65,17.88
"Massachusetts","Females",2001,21.79,16.58
"Massachusetts","Both",2001,22.21,17.22
"Massachusetts","Males",2002,22.79,17.7
"Massachusetts","Females",2002,21.73,16.41
"Massachusetts","Both",2002,22.25,17.04
"Massachusetts","Males",2003,22.37,17.32
"Massachusetts","Females",2003,21.65,16.3
"Massachusetts","Both",2003,22,16.8
"Massachusetts","Males",2004,22.56,17.46
"Massachusetts","Females",2004,21.01,15.83
"Massachusetts","Both",2004,21.77,16.63
"Massachusetts","Males",2005,22.25,16.81
"Massachusetts","Females",2005,20.63,15.63
"Massachusetts","Both",2005,21.43,16.21
"Massachusetts","Males",2006,21.83,16.25
"Massachusetts","Females",2006,19.94,14.98
"Massachusetts","Both",2006,20.86,15.6
"Massachusetts","Males",2007,21.4,15.91
"Massachusetts","Females",2007,19.47,14.61
"Massachusetts","Both",2007,20.42,15.25
"Massachusetts","Males",2008,20.96,15.43
"Massachusetts","Females",2008,18.6,13.85
"Massachusetts","Both",2008,19.76,14.63
"Massachusetts","Males",2009,20.27,14.77
"Massachusetts","Females",2009,18.19,13.38
"Massachusetts","Both",2009,19.21,14.07
"Massachusetts","Males",2010,20.29,14.74
"Massachusetts","Females",2010,17.89,13.01
"Massachusetts","Both",2010,19.07,13.86
"Massachusetts","Males",2011,20.59,14.81
"Massachusetts","Females",2011,17.86,13.05
"Massachusetts","Both",2011,19.2,13.91
"Massachusetts","Males",2012,19.97,14.14
"Massachusetts","Females",2012,17.36,12.52
"Massachusetts","Both",2012,18.64,13.31
"Michigan","Males",1996,28.73,23.99
"Michigan","Females",1996,25.08,20.76
"Michigan","Both",1996,26.87,22.35
"Michigan","Males",1997,28.2,23.12
"Michigan","Females",1997,24.75,20.24
"Michigan","Both",1997,26.44,21.65
"Michigan","Males",1998,27.94,22.56
"Michigan","Females",1998,24.61,19.9
"Michigan","Both",1998,26.24,21.2
"Michigan","Males",1999,28.37,22.55
"Michigan","Females",1999,25.01,19.98
"Michigan","Both",1999,26.66,21.24
"Michigan","Males",2000,28.37,22.53
"Michigan","Females",2000,25.02,20.02
"Michigan","Both",2000,26.66,21.25
"Michigan","Males",2001,28.23,22.22
"Michigan","Females",2001,24.8,19.57
"Michigan","Both",2001,26.49,20.87
"Michigan","Males",2002,28.39,22.01
"Michigan","Females",2002,24.71,19.23
"Michigan","Both",2002,26.52,20.6
"Michigan","Males",2003,28.23,21.69
"Michigan","Females",2003,24.34,18.73
"Michigan","Both",2003,26.25,20.18
"Michigan","Males",2004,27.88,21.31
"Michigan","Females",2004,23.94,18.27
"Michigan","Both",2004,25.87,19.76
"Michigan","Males",2005,27,20.35
"Michigan","Females",2005,23.24,17.49
"Michigan","Both",2005,25.09,18.89
"Michigan","Males",2006,26.48,19.71
"Michigan","Females",2006,22.91,17.24
"Michigan","Both",2006,24.66,18.45
"Michigan","Males",2007,26.03,19.25
"Michigan","Females",2007,22.77,16.93
"Michigan","Both",2007,24.37,18.07
"Michigan","Males",2008,25.5,18.75
"Michigan","Females",2008,22.47,16.4
"Michigan","Both",2008,23.96,17.55
"Michigan","Males",2009,25.21,18.49
"Michigan","Females",2009,22.01,16.12
"Michigan","Both",2009,23.58,17.28
"Michigan","Males",2010,25.18,18.13
"Michigan","Females",2010,22.22,16.05
"Michigan","Both",2010,23.67,17.07
"Michigan","Males",2011,24.86,18
"Michigan","Females",2011,22.03,16.18
"Michigan","Both",2011,23.42,17.07
"Michigan","Males",2012,24.18,17.28
"Michigan","Females",2012,21.53,15.62
"Michigan","Both",2012,22.83,16.44
"Minnesota","Males",1996,24.35,19.77
"Minnesota","Females",1996,20.04,15.92
"Minnesota","Both",1996,22.16,17.81
"Minnesota","Males",1997,24.32,19.47
"Minnesota","Females",1997,19.98,15.78
"Minnesota","Both",1997,22.11,17.59
"Minnesota","Males",1998,24.11,19
"Minnesota","Females",1998,19.85,15.55
"Minnesota","Both",1998,21.94,17.24
"Minnesota","Males",1999,24.63,19.44
"Minnesota","Females",1999,20.19,15.62
"Minnesota","Both",1999,22.37,17.5
"Minnesota","Males",2000,24.53,19.06
"Minnesota","Females",2000,20.23,15.44
"Minnesota","Both",2000,22.34,17.22
"Minnesota","Males",2001,24.82,19.23
"Minnesota","Females",2001,21.08,16.22
"Minnesota","Both",2001,22.92,17.7
"Minnesota","Males",2002,25.25,19.19
"Minnesota","Females",2002,21.65,16.35
"Minnesota","Both",2002,23.42,17.74
"Minnesota","Males",2003,25.36,19.24
"Minnesota","Females",2003,21.52,16.04
"Minnesota","Both",2003,23.4,17.61
"Minnesota","Males",2004,24.59,18.61
"Minnesota","Females",2004,21.25,15.9
"Minnesota","Both",2004,22.89,17.23
"Minnesota","Males",2005,23.61,17.74
"Minnesota","Females",2005,20.66,15.38
"Minnesota","Both",2005,22.1,16.54
"Minnesota","Males",2006,23.04,17.08
"Minnesota","Females",2006,20.04,14.67
"Minnesota","Both",2006,21.51,15.85
"Minnesota","Males",2007,22.54,16.67
"Minnesota","Females",2007,19.37,14.1
"Minnesota","Both",2007,20.93,15.36
"Minnesota","Males",2008,22.04,16.15
"Minnesota","Females",2008,18.87,13.72
"Minnesota","Both",2008,20.42,14.91
"Minnesota","Males",2009,22.01,15.85
"Minnesota","Females",2009,18.28,13.28
"Minnesota","Both",2009,20.11,14.54
"Minnesota","Males",2010,21.98,15.53
"Minnesota","Females",2010,18.19,13.06
"Minnesota","Both",2010,20.05,14.27
"Minnesota","Males",2011,22.22,15.67
"Minnesota","Females",2011,18.41,13.46
"Minnesota","Both",2011,20.28,14.55
"Minnesota","Males",2012,21,14.45
"Minnesota","Females",2012,17.46,12.46
"Minnesota","Both",2012,19.2,13.44
"Mississippi","Males",1996,30.69,25.75
"Mississippi","Females",1996,22.56,18.83
"Mississippi","Both",1996,26.55,22.23
"Mississippi","Males",1997,30.62,25.36
"Mississippi","Females",1997,22.66,18.69
"Mississippi","Both",1997,26.57,21.96
"Mississippi","Males",1998,30.58,24.98
"Mississippi","Females",1998,22.74,18.63
"Mississippi","Both",1998,26.59,21.75
"Mississippi","Males",1999,30.54,24.41
"Mississippi","Females",1999,23.21,18.71
"Mississippi","Both",1999,26.81,21.51
"Mississippi","Males",2000,30.6,24.2
"Mississippi","Females",2000,23.43,18.75
"Mississippi","Both",2000,26.95,21.43
"Mississippi","Males",2001,31.28,24.47
"Mississippi","Females",2001,23.63,18.9
"Mississippi","Both",2001,27.39,21.63
"Mississippi","Males",2002,31.78,24.46
"Mississippi","Females",2002,23.72,18.7
"Mississippi","Both",2002,27.67,21.53
"Mississippi","Males",2003,31.71,24.39
"Mississippi","Females",2003,23.71,18.5
"Mississippi","Both",2003,27.64,21.4
"Mississippi","Males",2004,31.47,24.1
"Mississippi","Females",2004,23.87,18.58
"Mississippi","Both",2004,27.6,21.29
"Mississippi","Males",2005,31.35,23.67
"Mississippi","Females",2005,24.18,18.57
"Mississippi","Both",2005,27.7,21.07
"Mississippi","Males",2006,30.64,23.05
"Mississippi","Females",2006,23.85,18.45
"Mississippi","Both",2006,27.18,20.71
"Mississippi","Males",2007,30.1,22.47
"Mississippi","Females",2007,23.71,18.23
"Mississippi","Both",2007,26.85,20.31
"Mississippi","Males",2008,30.41,22.61
"Mississippi","Females",2008,23.35,17.89
"Mississippi","Both",2008,26.82,20.21
"Mississippi","Males",2009,30.07,22.1
"Mississippi","Females",2009,22.8,17.38
"Mississippi","Both",2009,26.37,19.7
"Mississippi","Males",2010,29.32,21.02
"Mississippi","Females",2010,21.87,16.3
"Mississippi","Both",2010,25.52,18.62
"Mississippi","Males",2011,29.19,20.93
"Mississippi","Females",2011,21.65,16.04
"Mississippi","Both",2011,25.35,18.44
"Mississippi","Males",2012,28.39,20.05
"Mississippi","Females",2012,21.07,15.41
"Mississippi","Both",2012,24.66,17.69
"Missouri","Males",1996,31.13,27
"Missouri","Females",1996,26.18,22.68
"Missouri","Both",1996,28.61,24.8
"Missouri","Males",1997,30.82,26.33
"Missouri","Females",1997,26.04,22.31
"Missouri","Both",1997,28.39,24.28
"Missouri","Males",1998,30.69,25.86
"Missouri","Females",1998,26.01,22.06
"Missouri","Both",1998,28.31,23.92
"Missouri","Males",1999,30.71,25.37
"Missouri","Females",1999,25.82,21.67
"Missouri","Both",1999,28.22,23.48
"Missouri","Males",2000,30.84,25.24
"Missouri","Females",2000,25.71,21.34
"Missouri","Both",2000,28.23,23.26
"Missouri","Males",2001,30.87,25.1
"Missouri","Females",2001,25.62,21.21
"Missouri","Both",2001,28.2,23.12
"Missouri","Males",2002,30.38,24.28
"Missouri","Females",2002,25.23,20.27
"Missouri","Both",2002,27.76,22.23
"Missouri","Males",2003,30.45,24.2
"Missouri","Females",2003,25.35,20.24
"Missouri","Both",2003,27.85,22.19
"Missouri","Males",2004,29.85,23.67
"Missouri","Females",2004,25.15,20.06
"Missouri","Both",2004,27.46,21.83
"Missouri","Males",2005,28.99,22.7
"Missouri","Females",2005,24.99,19.79
"Missouri","Both",2005,26.96,21.22
"Missouri","Males",2006,28.51,22.19
"Missouri","Females",2006,25.08,19.66
"Missouri","Both",2006,26.76,20.9
"Missouri","Males",2007,27.94,21.69
"Missouri","Females",2007,25.07,19.65
"Missouri","Both",2007,26.48,20.65
"Missouri","Males",2008,27.58,21.43
"Missouri","Females",2008,24.68,19.38
"Missouri","Both",2008,26.1,20.39
"Missouri","Males",2009,27.34,21.05
"Missouri","Females",2009,24.34,19.17
"Missouri","Both",2009,25.82,20.09
"Missouri","Males",2010,27.5,20.93
"Missouri","Females",2010,24.18,18.77
"Missouri","Both",2010,25.81,19.83
"Missouri","Males",2011,27.36,20.72
"Missouri","Females",2011,23.73,18.39
"Missouri","Both",2011,25.51,19.54
"Missouri","Males",2012,26.54,19.82
"Missouri","Females",2012,23.11,17.7
"Missouri","Both",2012,24.79,18.74
"Montana","Males",1996,25.06,21.2
"Montana","Females",1996,22.81,19.75
"Montana","Both",1996,23.92,20.46
"Montana","Males",1997,24.98,20.85
"Montana","Females",1997,22.9,19.64
"Montana","Both",1997,23.92,20.24
"Montana","Males",1998,24.79,20.41
"Montana","Females",1998,22.99,19.49
"Montana","Both",1998,23.87,19.94
"Montana","Males",1999,24.62,19.79
"Montana","Females",1999,23.25,19.23
"Montana","Both",1999,23.92,19.5
"Montana","Males",2000,24.32,19.08
"Montana","Females",2000,23.36,18.98
"Montana","Both",2000,23.84,19.03
"Montana","Males",2001,24.29,18.66
"Montana","Females",2001,23.59,18.95
"Montana","Both",2001,23.94,18.81
"Montana","Males",2002,24.62,18.86
"Montana","Females",2002,23.8,18.86
"Montana","Both",2002,24.2,18.86
"Montana","Males",2003,24.51,18.52
"Montana","Females",2003,23.29,18.09
"Montana","Both",2003,23.89,18.3
"Montana","Males",2004,24.14,18.05
"Montana","Females",2004,22.95,17.56
"Montana","Both",2004,23.53,17.8
"Montana","Males",2005,23.86,17.66
"Montana","Females",2005,22.7,17.43
"Montana","Both",2005,23.27,17.54
"Montana","Males",2006,23.47,17.13
"Montana","Females",2006,22.2,16.81
"Montana","Both",2006,22.83,16.97
"Montana","Males",2007,22.93,16.69
"Montana","Females",2007,21.76,16.35
"Montana","Both",2007,22.33,16.52
"Montana","Males",2008,22.47,16.34
"Montana","Females",2008,21.29,15.85
"Montana","Both",2008,21.87,16.09
"Montana","Males",2009,22.56,16.35
"Montana","Females",2009,21.11,15.75
"Montana","Both",2009,21.82,16.04
"Montana","Males",2010,22.29,16.18
"Montana","Females",2010,20.42,14.92
"Montana","Both",2010,21.34,15.54
"Montana","Males",2011,22.7,16.55
"Montana","Females",2011,20.23,14.79
"Montana","Both",2011,21.44,15.65
"Montana","Males",2012,22.09,15.86
"Montana","Females",2012,19.76,14.26
"Montana","Both",2012,20.91,15.05
"Nebraska","Males",1996,27.75,23.35
"Nebraska","Females",1996,22.47,19.35
"Nebraska","Both",1996,25.07,21.31
"Nebraska","Males",1997,27.56,22.81
"Nebraska","Females",1997,22.44,19.08
"Nebraska","Both",1997,24.95,20.91
"Nebraska","Males",1998,27.2,22.14
"Nebraska","Females",1998,22.39,18.76
"Nebraska","Both",1998,24.76,20.42
"Nebraska","Males",1999,27.09,21.66
"Nebraska","Females",1999,22.56,18.5
"Nebraska","Both",1999,24.79,20.05
"Nebraska","Males",2000,26.62,20.97
"Nebraska","Females",2000,22.16,17.75
"Nebraska","Both",2000,24.35,19.33
"Nebraska","Males",2001,26.12,20.32
"Nebraska","Females",2001,22.09,17.46
"Nebraska","Both",2001,24.07,18.86
"Nebraska","Males",2002,26.56,20.67
"Nebraska","Females",2002,22.2,17.38
"Nebraska","Both",2002,24.34,19
"Nebraska","Males",2003,26.48,20.54
"Nebraska","Females",2003,21.72,16.69
"Nebraska","Both",2003,24.06,18.58
"Nebraska","Males",2004,25.97,20
"Nebraska","Females",2004,21.5,16.29
"Nebraska","Both",2004,23.69,18.11
"Nebraska","Males",2005,25.71,19.51
"Nebraska","Females",2005,21.37,16.08
"Nebraska","Both",2005,23.5,17.76
"Nebraska","Males",2006,25.1,18.96
"Nebraska","Females",2006,20.82,15.64
"Nebraska","Both",2006,22.92,17.27
"Nebraska","Males",2007,24.32,18.39
"Nebraska","Females",2007,20.39,15.4
"Nebraska","Both",2007,22.32,16.87
"Nebraska","Males",2008,23.41,17.55
"Nebraska","Females",2008,20.04,15.09
"Nebraska","Both",2008,21.7,16.3
"Nebraska","Males",2009,23.37,17.33
"Nebraska","Females",2009,19.9,15.05
"Nebraska","Both",2009,21.61,16.17
"Nebraska","Males",2010,23.03,16.99
"Nebraska","Females",2010,19.61,14.74
"Nebraska","Both",2010,21.29,15.85
"Nebraska","Males",2011,23.33,17.15
"Nebraska","Females",2011,20.05,15.12
"Nebraska","Both",2011,21.66,16.11
"Nebraska","Males",2012,22.64,16.39
"Nebraska","Females",2012,19.5,14.5
"Nebraska","Both",2012,21.04,15.43
"Nevada","Males",1996,30.95,26.02
"Nevada","Females",1996,28.39,24.58
"Nevada","Both",1996,29.65,25.29
"Nevada","Males",1997,31.02,25.27
"Nevada","Females",1997,28.19,23.99
"Nevada","Both",1997,29.58,24.62
"Nevada","Males",1998,31.71,25.2
"Nevada","Females",1998,28.42,23.76
"Nevada","Both",1998,30.03,24.47
"Nevada","Males",1999,32.33,25.3
"Nevada","Females",1999,28.53,23.26
"Nevada","Both",1999,30.39,24.26
"Nevada","Males",2000,32.17,24.73
"Nevada","Females",2000,27.99,23
"Nevada","Both",2000,30.04,23.85
"Nevada","Males",2001,32.22,24.94
"Nevada","Females",2001,26.95,21.97
"Nevada","Both",2001,29.54,23.43
"Nevada","Males",2002,31.43,23.89
"Nevada","Females",2002,26.24,20.84
"Nevada","Both",2002,28.79,22.34
"Nevada","Males",2003,30.77,23.41
"Nevada","Females",2003,25.81,20.72
"Nevada","Both",2003,28.25,22.04
"Nevada","Males",2004,29.34,22.06
"Nevada","Females",2004,24.75,19.89
"Nevada","Both",2004,27,20.96
"Nevada","Males",2005,29.04,21.74
"Nevada","Females",2005,24.36,19.22
"Nevada","Both",2005,26.66,20.46
"Nevada","Males",2006,28.36,20.96
"Nevada","Females",2006,24.37,18.92
"Nevada","Both",2006,26.33,19.92
"Nevada","Males",2007,27.72,20.39
"Nevada","Females",2007,24.06,18.61
"Nevada","Both",2007,25.86,19.49
"Nevada","Males",2008,27.39,20.5
"Nevada","Females",2008,23.61,18.03
"Nevada","Both",2008,25.46,19.25
"Nevada","Males",2009,26.89,20.05
"Nevada","Females",2009,23.17,17.57
"Nevada","Both",2009,25,18.79
"Nevada","Males",2010,26.27,19.17
"Nevada","Females",2010,23.21,17.24
"Nevada","Both",2010,24.71,18.19
"Nevada","Males",2011,24.99,17.82
"Nevada","Females",2011,22.66,16.91
"Nevada","Both",2011,23.81,17.36
"Nevada","Males",2012,24.13,16.94
"Nevada","Females",2012,21.92,16.12
"Nevada","Both",2012,23.01,16.52
"New Hampshire","Males",1996,27.24,23.28
"New Hampshire","Females",1996,23.62,19
"New Hampshire","Both",1996,25.4,21.1
"New Hampshire","Males",1997,28.06,23.84
"New Hampshire","Females",1997,24.17,19.42
"New Hampshire","Both",1997,26.08,21.59
"New Hampshire","Males",1998,27.92,23.37
"New Hampshire","Females",1998,24.26,19.32
"New Hampshire","Both",1998,26.06,21.31
"New Hampshire","Males",1999,28.22,23.49
"New Hampshire","Females",1999,24.37,19.46
"New Hampshire","Both",1999,26.26,21.44
"New Hampshire","Males",2000,26.72,21.73
"New Hampshire","Females",2000,23.65,18.61
"New Hampshire","Both",2000,25.16,20.14
"New Hampshire","Males",2001,25.55,20.49
"New Hampshire","Females",2001,23.34,18.29
"New Hampshire","Both",2001,24.42,19.37
"New Hampshire","Males",2002,25.24,19.9
"New Hampshire","Females",2002,22.99,17.89
"New Hampshire","Both",2002,24.1,18.88
"New Hampshire","Males",2003,25.15,19.76
"New Hampshire","Females",2003,22.93,17.81
"New Hampshire","Both",2003,24.02,18.77
"New Hampshire","Males",2004,24.35,19.02
"New Hampshire","Females",2004,22.28,17.22
"New Hampshire","Both",2004,23.3,18.1
"New Hampshire","Males",2005,23.51,18.29
"New Hampshire","Females",2005,21.79,16.63
"New Hampshire","Both",2005,22.63,17.45
"New Hampshire","Males",2006,23.06,17.81
"New Hampshire","Females",2006,21.26,16.04
"New Hampshire","Both",2006,22.15,16.91
"New Hampshire","Males",2007,22.44,17.24
"New Hampshire","Females",2007,20.44,15.33
"New Hampshire","Both",2007,21.42,16.27
"New Hampshire","Males",2008,21.81,16.58
"New Hampshire","Females",2008,19.41,14.49
"New Hampshire","Both",2008,20.59,15.51
"New Hampshire","Males",2009,21.4,16.44
"New Hampshire","Females",2009,19.21,14.51
"New Hampshire","Both",2009,20.29,15.46
"New Hampshire","Males",2010,20.65,15.5
"New Hampshire","Females",2010,17.89,13.37
"New Hampshire","Both",2010,19.25,14.41
"New Hampshire","Males",2011,20.23,15.5
"New Hampshire","Females",2011,17.55,13.47
"New Hampshire","Both",2011,18.86,14.46
"New Hampshire","Males",2012,19.71,14.88
"New Hampshire","Females",2012,17.18,13.03
"New Hampshire","Both",2012,18.42,13.94
"New Jersey","Males",1996,25.05,20.17
"New Jersey","Females",1996,21.72,16.73
"New Jersey","Both",1996,23.35,18.42
"New Jersey","Males",1997,24.8,19.61
"New Jersey","Females",1997,21.57,16.5
"New Jersey","Both",1997,23.16,18.03
"New Jersey","Males",1998,24.47,18.98
"New Jersey","Females",1998,21.4,16.2
"New Jersey","Both",1998,22.91,17.56
"New Jersey","Males",1999,24.41,18.38
"New Jersey","Females",1999,21.66,16.49
"New Jersey","Both",1999,23.01,17.42
"New Jersey","Males",2000,24.09,18.07
"New Jersey","Females",2000,21.7,16.3
"New Jersey","Both",2000,22.87,17.17
"New Jersey","Males",2001,24.49,18.13
"New Jersey","Females",2001,21.84,16.28
"New Jersey","Both",2001,23.14,17.19
"New Jersey","Males",2002,24.72,17.95
"New Jersey","Females",2002,21.95,16.13
"New Jersey","Both",2002,23.31,17.02
"New Jersey","Males",2003,23.96,17.28
"New Jersey","Females",2003,21.5,15.84
"New Jersey","Both",2003,22.71,16.55
"New Jersey","Males",2004,23.33,16.78
"New Jersey","Females",2004,20.59,15.07
"New Jersey","Both",2004,21.93,15.91
"New Jersey","Males",2005,23,16.26
"New Jersey","Females",2005,20.02,14.64
"New Jersey","Both",2005,21.48,15.44
"New Jersey","Males",2006,22.39,15.7
"New Jersey","Females",2006,19.04,13.84
"New Jersey","Both",2006,20.68,14.75
"New Jersey","Males",2007,21.84,15.3
"New Jersey","Females",2007,18.18,13.08
"New Jersey","Both",2007,19.98,14.17
"New Jersey","Males",2008,21.41,14.96
"New Jersey","Females",2008,17.4,12.5
"New Jersey","Both",2008,19.37,13.71
"New Jersey","Males",2009,20.68,14.49
"New Jersey","Females",2009,16.94,11.93
"New Jersey","Both",2009,18.77,13.18
"New Jersey","Males",2010,20.46,14.08
"New Jersey","Females",2010,16.34,11.22
"New Jersey","Both",2010,18.36,12.63
"New Jersey","Males",2011,20.24,13.73
"New Jersey","Females",2011,16.5,11.04
"New Jersey","Both",2011,18.34,12.36
"New Jersey","Males",2012,19.65,13.09
"New Jersey","Females",2012,16.04,10.57
"New Jersey","Both",2012,17.81,11.8
"New Mexico","Males",1996,27.21,20.73
"New Mexico","Females",1996,23.28,17.71
"New Mexico","Both",1996,25.21,19.19
"New Mexico","Males",1997,26.97,20.14
"New Mexico","Females",1997,23.12,17.41
"New Mexico","Both",1997,25.01,18.75
"New Mexico","Males",1998,26.96,19.81
"New Mexico","Females",1998,23.17,17.25
"New Mexico","Both",1998,25.03,18.51
"New Mexico","Males",1999,27.33,19.62
"New Mexico","Females",1999,22.95,17.04
"New Mexico","Both",1999,25.1,18.3
"New Mexico","Males",2000,27.21,19.26
"New Mexico","Females",2000,22.57,16.68
"New Mexico","Both",2000,24.85,17.95
"New Mexico","Males",2001,27.26,19.16
"New Mexico","Females",2001,22.97,16.92
"New Mexico","Both",2001,25.08,18.02
"New Mexico","Males",2002,27.5,18.98
"New Mexico","Females",2002,22.79,16.53
"New Mexico","Both",2002,25.1,17.73
"New Mexico","Males",2003,28.05,19.16
"New Mexico","Females",2003,22.59,16.24
"New Mexico","Both",2003,25.27,17.67
"New Mexico","Males",2004,26.99,18.44
"New Mexico","Females",2004,21.75,15.48
"New Mexico","Both",2004,24.32,16.93
"New Mexico","Males",2005,27.3,18.35
"New Mexico","Females",2005,21.58,15.18
"New Mexico","Both",2005,24.39,16.74
"New Mexico","Males",2006,27.01,18.08
"New Mexico","Females",2006,21,14.4
"New Mexico","Both",2006,23.95,16.2
"New Mexico","Males",2007,26.41,17.85
"New Mexico","Females",2007,20.67,14.06
"New Mexico","Both",2007,23.49,15.92
"New Mexico","Males",2008,25.81,17.22
"New Mexico","Females",2008,20,13.35
"New Mexico","Both",2008,22.85,15.25
"New Mexico","Males",2009,25.6,16.82
"New Mexico","Females",2009,19.93,13.22
"New Mexico","Both",2009,22.71,14.99
"New Mexico","Males",2010,24.85,16.34
"New Mexico","Females",2010,19.76,13.03
"New Mexico","Both",2010,22.26,14.65
"New Mexico","Males",2011,24.27,15.66
"New Mexico","Females",2011,19.47,13.36
"New Mexico","Both",2011,21.83,14.49
"New Mexico","Males",2012,23.58,14.97
"New Mexico","Females",2012,18.94,12.82
"New Mexico","Both",2012,21.22,13.88
"New York","Males",1996,25.63,20.58
"New York","Females",1996,22.58,18.24
"New York","Both",1996,24.08,19.39
"New York","Males",1997,25.4,20.07
"New York","Females",1997,22.57,17.9
"New York","Both",1997,23.96,18.97
"New York","Males",1998,25.31,19.67
"New York","Females",1998,22.5,17.63
"New York","Both",1998,23.88,18.63
"New York","Males",1999,25.91,19.35
"New York","Females",1999,22.51,17.13
"New York","Both",1999,24.18,18.22
"New York","Males",2000,25.81,19.1
"New York","Females",2000,22.03,16.58
"New York","Both",2000,23.88,17.82
"New York","Males",2001,25.86,18.86
"New York","Females",2001,21.82,16.27
"New York","Both",2001,23.8,17.54
"New York","Males",2002,26.15,18.65
"New York","Females",2002,21.95,16.31
"New York","Both",2002,24.01,17.46
"New York","Males",2003,25.9,18.45
"New York","Females",2003,21.48,15.76
"New York","Both",2003,23.65,17.08
"New York","Males",2004,24.92,17.96
"New York","Females",2004,20.79,15.19
"New York","Both",2004,22.82,16.55
"New York","Males",2005,24.24,17.18
"New York","Females",2005,20.27,14.61
"New York","Both",2005,22.22,15.87
"New York","Males",2006,23.31,16.29
"New York","Females",2006,19.79,14.13
"New York","Both",2006,21.52,15.19
"New York","Males",2007,22.78,16
"New York","Females",2007,19.11,13.54
"New York","Both",2007,20.91,14.75
"New York","Males",2008,22,15.16
"New York","Females",2008,18.23,12.96
"New York","Both",2008,20.08,14.04
"New York","Males",2009,21.46,14.35
"New York","Females",2009,17.68,12.38
"New York","Both",2009,19.54,13.35
"New York","Males",2010,21.12,13.94
"New York","Females",2010,17.27,12.04
"New York","Both",2010,19.16,12.97
"New York","Males",2011,20.22,13.15
"New York","Females",2011,16.61,11.13
"New York","Both",2011,18.38,12.12
"New York","Males",2012,19.65,12.56
"New York","Females",2012,16.2,10.7
"New York","Both",2012,17.9,11.62
"North Carolina","Males",1996,30.65,26.08
"North Carolina","Females",1996,23.1,19.39
"North Carolina","Both",1996,26.81,22.68
"North Carolina","Males",1997,30.27,25.32
"North Carolina","Females",1997,22.95,19.06
"North Carolina","Both",1997,26.55,22.13
"North Carolina","Males",1998,30.11,24.8
"North Carolina","Females",1998,22.95,18.88
"North Carolina","Both",1998,26.46,21.79
"North Carolina","Males",1999,29.78,24.06
"North Carolina","Females",1999,22.91,18.73
"North Carolina","Both",1999,26.29,21.35
"North Carolina","Males",2000,29.94,24.07
"North Carolina","Females",2000,22.97,18.61
"North Carolina","Both",2000,26.39,21.29
"North Carolina","Males",2001,29.49,23.51
"North Carolina","Females",2001,22.95,18.45
"North Carolina","Both",2001,26.16,20.94
"North Carolina","Males",2002,29.45,22.99
"North Carolina","Females",2002,23.12,18.16
"North Carolina","Both",2002,26.23,20.53
"North Carolina","Males",2003,29.03,22.49
"North Carolina","Females",2003,22.72,17.81
"North Carolina","Both",2003,25.82,20.11
"North Carolina","Males",2004,28.44,21.99
"North Carolina","Females",2004,22.19,17.24
"North Carolina","Both",2004,25.26,19.57
"North Carolina","Males",2005,27.93,21.26
"North Carolina","Females",2005,22.24,17.17
"North Carolina","Both",2005,25.03,19.18
"North Carolina","Males",2006,27.28,20.42
"North Carolina","Females",2006,21.66,16.64
"North Carolina","Both",2006,24.42,18.5
"North Carolina","Males",2007,26.55,19.67
"North Carolina","Females",2007,21.17,16.14
"North Carolina","Both",2007,23.81,17.87
"North Carolina","Males",2008,26.23,19.28
"North Carolina","Females",2008,20.75,15.62
"North Carolina","Both",2008,23.44,17.42
"North Carolina","Males",2009,25.61,18.63
"North Carolina","Females",2009,20.52,15.4
"North Carolina","Both",2009,23.02,16.98
"North Carolina","Males",2010,25.07,17.88
"North Carolina","Females",2010,19.98,14.61
"North Carolina","Both",2010,22.48,16.22
"North Carolina","Males",2011,24.34,17.36
"North Carolina","Females",2011,20.04,14.59
"North Carolina","Both",2011,22.15,15.95
"North Carolina","Males",2012,23.64,16.61
"North Carolina","Females",2012,19.51,14.03
"North Carolina","Both",2012,21.54,15.3
"North Dakota","Males",1996,26.41,22.02
"North Dakota","Females",1996,21.79,18.57
"North Dakota","Both",1996,24.06,20.27
"North Dakota","Males",1997,26.09,21.39
"North Dakota","Females",1997,21.72,18.27
"North Dakota","Both",1997,23.87,19.8
"North Dakota","Males",1998,26.04,21.04
"North Dakota","Females",1998,21.83,18.12
"North Dakota","Both",1998,23.9,19.55
"North Dakota","Males",1999,26.1,20.61
"North Dakota","Females",1999,21.81,17.31
"North Dakota","Both",1999,23.92,18.93
"North Dakota","Males",2000,26.3,20.33
"North Dakota","Females",2000,21.83,17.04
"North Dakota","Both",2000,24.03,18.65
"North Dakota","Males",2001,26.5,20.44
"North Dakota","Females",2001,22.48,17.13
"North Dakota","Both",2001,24.45,18.75
"North Dakota","Males",2002,26.68,20.34
"North Dakota","Females",2002,22.14,16.68
"North Dakota","Both",2002,24.36,18.48
"North Dakota","Males",2003,26.43,19.97
"North Dakota","Females",2003,22.13,16.68
"North Dakota","Both",2003,24.24,18.29
"North Dakota","Males",2004,25.92,19.82
"North Dakota","Females",2004,21.93,16.7
"North Dakota","Both",2004,23.89,18.23
"North Dakota","Males",2005,25.56,19.33
"North Dakota","Females",2005,22.08,16.65
"North Dakota","Both",2005,23.79,17.97
"North Dakota","Males",2006,25.44,18.96
"North Dakota","Females",2006,21.84,16.46
"North Dakota","Both",2006,23.61,17.69
"North Dakota","Males",2007,24.94,18.62
"North Dakota","Females",2007,21.92,16.5
"North Dakota","Both",2007,23.4,17.54
"North Dakota","Males",2008,24.55,18.35
"North Dakota","Females",2008,21.4,16
"North Dakota","Both",2008,22.94,17.16
"North Dakota","Males",2009,24.17,17.78
"North Dakota","Females",2009,20.96,15.52
"North Dakota","Both",2009,22.54,16.63
"North Dakota","Males",2010,23.88,17.55
"North Dakota","Females",2010,20.3,14.95
"North Dakota","Both",2010,22.05,16.23
"North Dakota","Males",2011,23.79,17.76
"North Dakota","Females",2011,20.24,15.05
"North Dakota","Both",2011,21.98,16.38
"North Dakota","Males",2012,23.39,17.27
"North Dakota","Females",2012,20,14.76
"North Dakota","Both",2012,21.66,15.99
"Ohio","Males",1996,30.17,26.38
"Ohio","Females",1996,25.42,22.51
"Ohio","Both",1996,27.75,24.41
"Ohio","Males",1997,30.1,25.96
"Ohio","Females",1997,25.53,22.37
"Ohio","Both",1997,27.77,24.13
"Ohio","Males",1998,29.84,25.35
"Ohio","Females",1998,25.54,22.11
"Ohio","Both",1998,27.65,23.7
"Ohio","Males",1999,29.8,24.66
"Ohio","Females",1999,26.06,22.01
"Ohio","Both",1999,27.9,23.31
"Ohio","Males",2000,30.01,24.35
"Ohio","Females",2000,26.16,21.47
"Ohio","Both",2000,28.05,22.88
"Ohio","Males",2001,30.34,24.39
"Ohio","Females",2001,26.54,21.35
"Ohio","Both",2001,28.41,22.84
"Ohio","Males",2002,30.54,24.17
"Ohio","Females",2002,27.24,21.42
"Ohio","Both",2002,28.86,22.77
"Ohio","Males",2003,29.99,23.49
"Ohio","Females",2003,27.02,21.14
"Ohio","Both",2003,28.48,22.3
"Ohio","Males",2004,29.3,22.82
"Ohio","Females",2004,26.54,20.64
"Ohio","Both",2004,27.89,21.71
"Ohio","Males",2005,28.89,22.38
"Ohio","Females",2005,26.41,20.52
"Ohio","Both",2005,27.63,21.43
"Ohio","Males",2006,27.37,21.02
"Ohio","Females",2006,25.06,19.35
"Ohio","Both",2006,26.2,20.17
"Ohio","Males",2007,26.64,20.39
"Ohio","Females",2007,24.32,18.72
"Ohio","Both",2007,25.46,19.54
"Ohio","Males",2008,26.53,20.3
"Ohio","Females",2008,23.79,18.07
"Ohio","Both",2008,25.14,19.17
"Ohio","Males",2009,26.13,19.96
"Ohio","Females",2009,23.55,17.85
"Ohio","Both",2009,24.82,18.89
"Ohio","Males",2010,26.04,19.7
"Ohio","Females",2010,23.21,17.4
"Ohio","Both",2010,24.6,18.53
"Ohio","Males",2011,25.85,19.53
"Ohio","Females",2011,23.06,17.5
"Ohio","Both",2011,24.43,18.5
"Ohio","Males",2012,25.08,18.7
"Ohio","Females",2012,22.47,16.85
"Ohio","Both",2012,23.75,17.76
"Oklahoma","Males",1996,28.48,24.42
"Oklahoma","Females",1996,24.33,21.53
"Oklahoma","Both",1996,26.37,22.95
"Oklahoma","Males",1997,28.45,24.07
"Oklahoma","Females",1997,24.46,21.37
"Oklahoma","Both",1997,26.42,22.69
"Oklahoma","Males",1998,28.34,23.64
"Oklahoma","Females",1998,24.56,21.2
"Oklahoma","Both",1998,26.42,22.4
"Oklahoma","Males",1999,29.1,23.84
"Oklahoma","Females",1999,25.37,21.56
"Oklahoma","Both",1999,27.2,22.68
"Oklahoma","Males",2000,29.65,24.03
"Oklahoma","Females",2000,25.68,21.62
"Oklahoma","Both",2000,27.63,22.8
"Oklahoma","Males",2001,29.4,23.73
"Oklahoma","Females",2001,25.94,21.5
"Oklahoma","Both",2001,27.64,22.59
"Oklahoma","Males",2002,29.55,23.31
"Oklahoma","Females",2002,26.14,21.1
"Oklahoma","Both",2002,27.81,22.19
"Oklahoma","Males",2003,30.28,23.62
"Oklahoma","Females",2003,26.5,21.01
"Oklahoma","Both",2003,28.35,22.29
"Oklahoma","Males",2004,29.87,23.31
"Oklahoma","Females",2004,25.98,20.49
"Oklahoma","Both",2004,27.89,21.88
"Oklahoma","Males",2005,29.63,23.05
"Oklahoma","Females",2005,26.06,20.38
"Oklahoma","Both",2005,27.81,21.69
"Oklahoma","Males",2006,29.46,22.48
"Oklahoma","Females",2006,26.06,19.98
"Oklahoma","Both",2006,27.73,21.21
"Oklahoma","Males",2007,29.3,22.36
"Oklahoma","Females",2007,26.04,19.83
"Oklahoma","Both",2007,27.64,21.07
"Oklahoma","Males",2008,29.42,22.37
"Oklahoma","Females",2008,25.78,19.69
"Oklahoma","Both",2008,27.57,21.01
"Oklahoma","Males",2009,29.04,21.89
"Oklahoma","Females",2009,25.7,19.35
"Oklahoma","Both",2009,27.34,20.6
"Oklahoma","Males",2010,28.48,21.05
"Oklahoma","Females",2010,25.14,18.61
"Oklahoma","Both",2010,26.78,19.81
"Oklahoma","Males",2011,27.34,20.04
"Oklahoma","Females",2011,24.66,18.34
"Oklahoma","Both",2011,25.97,19.18
"Oklahoma","Males",2012,26.64,19.26
"Oklahoma","Females",2012,24.1,17.72
"Oklahoma","Both",2012,25.35,18.47
"Oregon","Males",1996,26.7,21.91
"Oregon","Females",1996,21.94,17.46
"Oregon","Both",1996,24.28,19.64
"Oregon","Males",1997,26.31,21.2
"Oregon","Females",1997,21.83,17.12
"Oregon","Both",1997,24.03,19.12
"Oregon","Males",1998,25.83,20.42
"Oregon","Females",1998,21.7,16.79
"Oregon","Both",1998,23.73,18.57
"Oregon","Males",1999,25.54,19.9
"Oregon","Females",1999,21.45,16.22
"Oregon","Both",1999,23.46,18.03
"Oregon","Males",2000,25.27,19.63
"Oregon","Females",2000,21.38,16.05
"Oregon","Both",2000,23.29,17.81
"Oregon","Males",2001,25.18,19.29
"Oregon","Females",2001,21.65,16.22
"Oregon","Both",2001,23.38,17.73
"Oregon","Males",2002,25.67,19.16
"Oregon","Females",2002,21.5,15.98
"Oregon","Both",2002,23.55,17.54
"Oregon","Males",2003,25.22,18.62
"Oregon","Females",2003,20.86,15.67
"Oregon","Both",2003,23,17.12
"Oregon","Males",2004,24.72,18.13
"Oregon","Females",2004,20.45,15.31
"Oregon","Both",2004,22.55,16.69
"Oregon","Males",2005,23.96,17.48
"Oregon","Females",2005,20.01,14.95
"Oregon","Both",2005,21.95,16.19
"Oregon","Males",2006,23.49,17.11
"Oregon","Females",2006,19.43,14.53
"Oregon","Both",2006,21.42,15.8
"Oregon","Males",2007,22.86,16.62
"Oregon","Females",2007,19.26,14.39
"Oregon","Both",2007,21.02,15.49
"Oregon","Males",2008,22.13,16.12
"Oregon","Females",2008,19.08,14.15
"Oregon","Both",2008,20.58,15.12
"Oregon","Males",2009,21.53,15.63
"Oregon","Females",2009,18.79,13.98
"Oregon","Both",2009,20.14,14.79
"Oregon","Males",2010,21.39,15.06
"Oregon","Females",2010,18.93,13.75
"Oregon","Both",2010,20.14,14.39
"Oregon","Males",2011,21.82,15.41
"Oregon","Females",2011,19.01,13.63
"Oregon","Both",2011,20.39,14.51
"Oregon","Males",2012,21.08,14.64
"Oregon","Females",2012,18.44,13.03
"Oregon","Both",2012,19.74,13.82
"Pennsylvania","Males",1996,27.69,23.43
"Pennsylvania","Females",1996,25.33,20.97
"Pennsylvania","Both",1996,26.49,22.18
"Pennsylvania","Males",1997,27.6,23
"Pennsylvania","Females",1997,25.27,20.73
"Pennsylvania","Both",1997,26.42,21.84
"Pennsylvania","Males",1998,27.5,22.55
"Pennsylvania","Females",1998,25.18,20.48
"Pennsylvania","Both",1998,26.32,21.49
"Pennsylvania","Males",1999,27.81,22.39
"Pennsylvania","Females",1999,25.04,20.26
"Pennsylvania","Both",1999,26.4,21.3
"Pennsylvania","Males",2000,27.8,22.15
"Pennsylvania","Females",2000,25.08,20.03
"Pennsylvania","Both",2000,26.42,21.07
"Pennsylvania","Males",2001,28.23,22.36
"Pennsylvania","Females",2001,25.3,20.05
"Pennsylvania","Both",2001,26.74,21.18
"Pennsylvania","Males",2002,28.34,22.15
"Pennsylvania","Females",2002,25.62,20.05
"Pennsylvania","Both",2002,26.96,21.09
"Pennsylvania","Males",2003,27.58,21.1
"Pennsylvania","Females",2003,25.46,19.8
"Pennsylvania","Both",2003,26.5,20.44
"Pennsylvania","Males",2004,27.11,20.76
"Pennsylvania","Females",2004,25.06,19.26
"Pennsylvania","Both",2004,26.07,19.99
"Pennsylvania","Males",2005,26.38,19.82
"Pennsylvania","Females",2005,24.87,19.02
"Pennsylvania","Both",2005,25.61,19.41
"Pennsylvania","Males",2006,26,19.21
"Pennsylvania","Females",2006,24.29,18.42
"Pennsylvania","Both",2006,25.13,18.81
"Pennsylvania","Males",2007,25.64,18.85
"Pennsylvania","Females",2007,23.74,17.96
"Pennsylvania","Both",2007,24.67,18.4
"Pennsylvania","Males",2008,25.27,18.56
"Pennsylvania","Females",2008,23.01,17.37
"Pennsylvania","Both",2008,24.12,17.95
"Pennsylvania","Males",2009,24.8,18.03
"Pennsylvania","Females",2009,22.47,16.96
"Pennsylvania","Both",2009,23.62,17.49
"Pennsylvania","Males",2010,24.69,17.81
"Pennsylvania","Females",2010,21.69,16.18
"Pennsylvania","Both",2010,23.16,16.98
"Pennsylvania","Males",2011,24.1,17.68
"Pennsylvania","Females",2011,21.32,16.02
"Pennsylvania","Both",2011,22.69,16.83
"Pennsylvania","Males",2012,23.41,16.88
"Pennsylvania","Females",2012,20.77,15.39
"Pennsylvania","Both",2012,22.07,16.12
"Rhode Island","Males",1996,27.53,22.77
"Rhode Island","Females",1996,23.68,19.08
"Rhode Island","Both",1996,25.57,20.89
"Rhode Island","Males",1997,27.27,22.39
"Rhode Island","Females",1997,24.12,19.43
"Rhode Island","Both",1997,25.67,20.88
"Rhode Island","Males",1998,26.86,21.81
"Rhode Island","Females",1998,24.39,19.68
"Rhode Island","Both",1998,25.6,20.73
"Rhode Island","Males",1999,26.88,21.57
"Rhode Island","Females",1999,24.8,19.71
"Rhode Island","Both",1999,25.82,20.62
"Rhode Island","Males",2000,27.05,21.45
"Rhode Island","Females",2000,24.96,19.7
"Rhode Island","Both",2000,25.99,20.56
"Rhode Island","Males",2001,27.21,21.58
"Rhode Island","Females",2001,24.75,19.42
"Rhode Island","Both",2001,25.96,20.48
"Rhode Island","Males",2002,26.97,21.08
"Rhode Island","Females",2002,24.4,18.96
"Rhode Island","Both",2002,25.66,20
"Rhode Island","Males",2003,26.08,20.07
"Rhode Island","Females",2003,23.46,18.2
"Rhode Island","Both",2003,24.74,19.12
"Rhode Island","Males",2004,24.91,19.15
"Rhode Island","Females",2004,22.77,17.8
"Rhode Island","Both",2004,23.82,18.47
"Rhode Island","Males",2005,23.82,17.85
"Rhode Island","Females",2005,21.76,16.83
"Rhode Island","Both",2005,22.77,17.33
"Rhode Island","Males",2006,22.89,17.1
"Rhode Island","Females",2006,21.08,16.23
"Rhode Island","Both",2006,21.97,16.66
"Rhode Island","Males",2007,21.8,16
"Rhode Island","Females",2007,20.43,15.41
"Rhode Island","Both",2007,21.11,15.7
"Rhode Island","Males",2008,21.74,15.98
"Rhode Island","Females",2008,19.59,14.46
"Rhode Island","Both",2008,20.64,15.21
"Rhode Island","Males",2009,21.22,15.45
"Rhode Island","Females",2009,19.08,14.03
"Rhode Island","Both",2009,20.13,14.73
"Rhode Island","Males",2010,21.07,15.12
"Rhode Island","Females",2010,18.71,13.53
"Rhode Island","Both",2010,19.87,14.31
"Rhode Island","Males",2011,21.83,15.53
"Rhode Island","Females",2011,18.79,13.71
"Rhode Island","Both",2011,20.29,14.61
"Rhode Island","Males",2012,21.17,14.82
"Rhode Island","Females",2012,18.32,13.19
"Rhode Island","Both",2012,19.72,13.99
"South Carolina","Males",1996,29.67,24.47
"South Carolina","Females",1996,21.73,17.94
"South Carolina","Both",1996,25.63,21.14
"South Carolina","Males",1997,30.91,25.37
"South Carolina","Females",1997,22.27,18.4
"South Carolina","Both",1997,26.51,21.82
"South Carolina","Males",1998,31.03,25.1
"South Carolina","Females",1998,22.34,18.3
"South Carolina","Both",1998,26.61,21.64
"South Carolina","Males",1999,30.25,23.8
"South Carolina","Females",1999,22.59,18
"South Carolina","Both",1999,26.35,20.85
"South Carolina","Males",2000,30.52,23.82
"South Carolina","Females",2000,23.52,18.48
"South Carolina","Both",2000,26.96,21.1
"South Carolina","Males",2001,30.32,23.62
"South Carolina","Females",2001,24.04,18.82
"South Carolina","Both",2001,27.12,21.18
"South Carolina","Males",2002,30.47,23.67
"South Carolina","Females",2002,24.44,18.83
"South Carolina","Both",2002,27.4,21.21
"South Carolina","Males",2003,30.11,23.26
"South Carolina","Females",2003,24.34,18.66
"South Carolina","Both",2003,27.17,20.92
"South Carolina","Males",2004,29.55,22.65
"South Carolina","Females",2004,23.74,17.99
"South Carolina","Both",2004,26.59,20.28
"South Carolina","Males",2005,29.33,22.09
"South Carolina","Females",2005,23.28,17.56
"South Carolina","Both",2005,26.25,19.78
"South Carolina","Males",2006,28.67,21.33
"South Carolina","Females",2006,22.81,17.09
"South Carolina","Both",2006,25.68,19.17
"South Carolina","Males",2007,27.97,20.43
"South Carolina","Females",2007,22.44,16.68
"South Carolina","Both",2007,25.16,18.52
"South Carolina","Males",2008,27.53,19.9
"South Carolina","Females",2008,21.77,15.94
"South Carolina","Both",2008,24.6,17.88
"South Carolina","Males",2009,27.01,19.36
"South Carolina","Females",2009,21.3,15.55
"South Carolina","Both",2009,24.1,17.42
"South Carolina","Males",2010,26.68,18.75
"South Carolina","Females",2010,21.13,14.99
"South Carolina","Both",2010,23.86,16.84
"South Carolina","Males",2011,26.38,18.7
"South Carolina","Females",2011,20.35,14.43
"South Carolina","Both",2011,23.31,16.53
"South Carolina","Males",2012,25.27,17.58
"South Carolina","Females",2012,19.55,13.61
"South Carolina","Both",2012,22.36,15.56
"South Dakota","Males",1996,28.33,23.84
"South Dakota","Females",1996,23.09,19.18
"South Dakota","Both",1996,25.66,21.47
"South Dakota","Males",1997,27.98,23.17
"South Dakota","Females",1997,23.1,19
"South Dakota","Both",1997,25.5,21.05
"South Dakota","Males",1998,27.86,22.76
"South Dakota","Females",1998,23.28,18.91
"South Dakota","Both",1998,25.53,20.8
"South Dakota","Males",1999,27.45,22
"South Dakota","Females",1999,23.47,18.55
"South Dakota","Both",1999,25.43,20.24
"South Dakota","Males",2000,27.12,21.41
"South Dakota","Females",2000,23.25,18.05
"South Dakota","Both",2000,25.15,19.7
"South Dakota","Males",2001,26.87,20.89
"South Dakota","Females",2001,23.84,18.32
"South Dakota","Both",2001,25.33,19.58
"South Dakota","Males",2002,26.93,20.47
"South Dakota","Females",2002,23.56,17.87
"South Dakota","Both",2002,25.22,19.15
"South Dakota","Males",2003,26.67,19.97
"South Dakota","Females",2003,23.34,17.33
"South Dakota","Both",2003,24.98,18.62
"South Dakota","Males",2004,26.42,19.62
"South Dakota","Females",2004,22.96,17.02
"South Dakota","Both",2004,24.66,18.3
"South Dakota","Males",2005,26.06,19.06
"South Dakota","Females",2005,23.16,17.07
"South Dakota","Both",2005,24.58,18.05
"South Dakota","Males",2006,25.52,18.48
"South Dakota","Females",2006,22.65,16.62
"South Dakota","Both",2006,24.06,17.54
"South Dakota","Males",2007,24.67,17.95
"South Dakota","Females",2007,22.14,16.11
"South Dakota","Both",2007,23.38,17.02
"South Dakota","Males",2008,23.97,17.58
"South Dakota","Females",2008,21.27,15.6
"South Dakota","Both",2008,22.6,16.58
"South Dakota","Males",2009,23.86,17.27
"South Dakota","Females",2009,21.05,15.37
"South Dakota","Both",2009,22.43,16.3
"South Dakota","Males",2010,23.65,17.2
"South Dakota","Females",2010,20.7,15.07
"South Dakota","Both",2010,22.15,16.11
"South Dakota","Males",2011,23.98,17.33
"South Dakota","Females",2011,20.65,15.3
"South Dakota","Both",2011,22.29,16.3
"South Dakota","Males",2012,23.28,16.55
"South Dakota","Females",2012,20.12,14.7
"South Dakota","Both",2012,21.67,15.61
"Tennessee","Males",1996,31.28,27.58
"Tennessee","Females",1996,25.31,22.13
"Tennessee","Both",1996,28.24,24.81
"Tennessee","Males",1997,31.07,27.07
"Tennessee","Females",1997,25.39,21.98
"Tennessee","Both",1997,28.18,24.48
"Tennessee","Males",1998,30.97,26.62
"Tennessee","Females",1998,25.39,21.85
"Tennessee","Both",1998,28.13,24.19
"Tennessee","Males",1999,30.64,25.66
"Tennessee","Females",1999,25.07,21.31
"Tennessee","Both",1999,27.81,23.45
"Tennessee","Males",2000,30.39,25.15
"Tennessee","Females",2000,24.76,20.86
"Tennessee","Both",2000,27.53,22.97
"Tennessee","Males",2001,30.02,24.56
"Tennessee","Females",2001,24.68,20.58
"Tennessee","Both",2001,27.31,22.53
"Tennessee","Males",2002,30.41,24.49
"Tennessee","Females",2002,24.83,20.2
"Tennessee","Both",2002,27.57,22.3
"Tennessee","Males",2003,30.24,24.03
"Tennessee","Females",2003,24.78,19.87
"Tennessee","Both",2003,27.46,21.91
"Tennessee","Males",2004,29.92,23.75
"Tennessee","Females",2004,24.74,19.8
"Tennessee","Both",2004,27.28,21.74
"Tennessee","Males",2005,29.8,23.27
"Tennessee","Females",2005,24.76,19.63
"Tennessee","Both",2005,27.24,21.42
"Tennessee","Males",2006,29.34,22.7
"Tennessee","Females",2006,24.31,19
"Tennessee","Both",2006,26.78,20.81
"Tennessee","Males",2007,28.94,22.35
"Tennessee","Females",2007,23.8,18.63
"Tennessee","Both",2007,26.32,20.46
"Tennessee","Males",2008,26.6,20.07
"Tennessee","Females",2008,21.87,16.89
"Tennessee","Both",2008,24.19,18.45
"Tennessee","Males",2009,26.51,20.14
"Tennessee","Females",2009,21.67,16.82
"Tennessee","Both",2009,24.05,18.45
"Tennessee","Males",2010,26.25,19.57
"Tennessee","Females",2010,21.69,16.5
"Tennessee","Both",2010,23.93,18.01
"Tennessee","Males",2011,26.82,20.02
"Tennessee","Females",2011,22.81,17.55
"Tennessee","Both",2011,24.77,18.76
"Tennessee","Males",2012,25.92,19.05
"Tennessee","Females",2012,22.13,16.79
"Tennessee","Both",2012,23.99,17.9
"Texas","Males",1996,27.16,20.76
"Texas","Females",1996,19.91,15.24
"Texas","Both",1996,23.47,17.95
"Texas","Males",1997,26.96,20.23
"Texas","Females",1997,19.86,15.04
"Texas","Both",1997,23.35,17.59
"Texas","Males",1998,26.92,19.87
"Texas","Females",1998,19.88,14.9
"Texas","Both",1998,23.34,17.34
"Texas","Males",1999,26.71,19.43
"Texas","Females",1999,19.97,14.77
"Texas","Both",1999,23.28,17.06
"Texas","Males",2000,26.92,19.5
"Texas","Females",2000,20.48,15.07
"Texas","Both",2000,23.64,17.24
"Texas","Males",2001,26.92,19.19
"Texas","Females",2001,20.06,14.87
"Texas","Both",2001,23.43,16.99
"Texas","Males",2002,26.76,18.78
"Texas","Females",2002,19.87,14.58
"Texas","Both",2002,23.25,16.64
"Texas","Males",2003,26.68,18.44
"Texas","Females",2003,19.52,14.22
"Texas","Both",2003,23.04,16.29
"Texas","Males",2004,26.13,17.97
"Texas","Females",2004,19.12,13.96
"Texas","Both",2004,22.56,15.93
"Texas","Males",2005,25.61,17.28
"Texas","Females",2005,18.8,13.65
"Texas","Both",2005,22.14,15.43
"Texas","Males",2006,25.3,16.99
"Texas","Females",2006,18.68,13.33
"Texas","Both",2006,21.93,15.13
"Texas","Males",2007,24.86,16.62
"Texas","Females",2007,18.44,13.23
"Texas","Both",2007,21.59,14.89
"Texas","Males",2008,24.37,16.22
"Texas","Females",2008,17.77,12.58
"Texas","Both",2008,21.01,14.37
"Texas","Males",2009,23.96,15.75
"Texas","Females",2009,17.24,12.11
"Texas","Both",2009,20.54,13.89
"Texas","Males",2010,23.84,15.6
"Texas","Females",2010,16.5,11.43
"Texas","Both",2010,20.11,13.48
"Texas","Males",2011,22.86,15.1
"Texas","Females",2011,15.63,10.87
"Texas","Both",2011,19.18,12.95
"Texas","Males",2012,22.1,14.35
"Texas","Females",2012,15.13,10.38
"Texas","Both",2012,18.55,12.33
"Utah","Males",1996,20.8,16.47
"Utah","Females",1996,14.28,11.81
"Utah","Both",1996,17.48,14.1
"Utah","Males",1997,20.69,16.17
"Utah","Females",1997,14.28,11.65
"Utah","Both",1997,17.42,13.87
"Utah","Males",1998,19.72,15.07
"Utah","Females",1998,13.99,11.13
"Utah","Both",1998,16.81,13.07
"Utah","Males",1999,19.13,14.5
"Utah","Females",1999,13.96,10.69
"Utah","Both",1999,16.5,12.56
"Utah","Males",2000,18.55,14.12
"Utah","Females",2000,13.81,10.36
"Utah","Both",2000,16.13,12.21
"Utah","Males",2001,17.94,13.44
"Utah","Females",2001,13.51,10.17
"Utah","Both",2001,15.69,11.78
"Utah","Males",2002,17.12,12.92
"Utah","Females",2002,13.12,9.87
"Utah","Both",2002,15.08,11.37
"Utah","Males",2003,16.86,12.8
"Utah","Females",2003,12.79,9.59
"Utah","Both",2003,14.79,11.17
"Utah","Males",2004,16.35,12.4
"Utah","Females",2004,12.26,9.33
"Utah","Both",2004,14.27,10.84
"Utah","Males",2005,16.33,12.33
"Utah","Females",2005,11.97,9.02
"Utah","Both",2005,14.11,10.64
"Utah","Males",2006,16.07,12.01
"Utah","Females",2006,11.72,8.88
"Utah","Both",2006,13.86,10.41
"Utah","Males",2007,15.91,11.64
"Utah","Females",2007,11.45,8.75
"Utah","Both",2007,13.64,10.17
"Utah","Males",2008,15.11,11.02
"Utah","Females",2008,10.87,8.26
"Utah","Both",2008,12.96,9.61
"Utah","Males",2009,14.97,10.78
"Utah","Females",2009,10.62,8.07
"Utah","Both",2009,12.76,9.4
"Utah","Males",2010,14.54,10.26
"Utah","Females",2010,10.54,7.93
"Utah","Both",2010,12.5,9.07
"Utah","Males",2011,14.84,10.64
"Utah","Females",2011,10.9,8.16
"Utah","Both",2011,12.83,9.38
"Utah","Males",2012,14.37,10.17
"Utah","Females",2012,10.62,7.86
"Utah","Both",2012,12.46,8.99
"Vermont","Males",1996,24.93,20.62
"Vermont","Females",1996,21.39,17.93
"Vermont","Both",1996,23.13,19.25
"Vermont","Males",1997,24.52,19.98
"Vermont","Females",1997,21.27,17.56
"Vermont","Both",1997,22.87,18.75
"Vermont","Males",1998,24.31,19.55
"Vermont","Females",1998,21.21,17.34
"Vermont","Both",1998,22.73,18.42
"Vermont","Males",1999,24.51,19.51
"Vermont","Females",1999,21.11,16.82
"Vermont","Both",1999,22.78,18.14
"Vermont","Males",2000,23.8,18.68
"Vermont","Females",2000,21.2,16.64
"Vermont","Both",2000,22.48,17.64
"Vermont","Males",2001,23.74,18.57
"Vermont","Females",2001,21.49,16.81
"Vermont","Both",2001,22.6,17.68
"Vermont","Males",2002,24.25,18.8
"Vermont","Females",2002,21.57,16.55
"Vermont","Both",2002,22.89,17.66
"Vermont","Males",2003,24.16,18.55
"Vermont","Females",2003,20.93,15.71
"Vermont","Both",2003,22.52,17.1
"Vermont","Males",2004,23.26,17.83
"Vermont","Females",2004,20.3,15.32
"Vermont","Both",2004,21.75,16.55
"Vermont","Males",2005,22.78,17.3
"Vermont","Females",2005,19.71,14.8
"Vermont","Both",2005,21.21,16.03
"Vermont","Males",2006,22.6,16.91
"Vermont","Females",2006,19.28,14.32
"Vermont","Both",2006,20.91,15.59
"Vermont","Males",2007,21.68,16.07
"Vermont","Females",2007,18.41,13.71
"Vermont","Both",2007,20.02,14.87
"Vermont","Males",2008,20.78,15.2
"Vermont","Females",2008,17.85,13.3
"Vermont","Both",2008,19.29,14.23
"Vermont","Males",2009,20.33,14.86
"Vermont","Females",2009,17.06,12.57
"Vermont","Both",2009,18.67,13.7
"Vermont","Males",2010,20.1,14.43
"Vermont","Females",2010,16.61,12.05
"Vermont","Both",2010,18.32,13.22
"Vermont","Males",2011,20.03,14.69
"Vermont","Females",2011,15.94,11.59
"Vermont","Both",2011,17.95,13.11
"Vermont","Males",2012,19.33,13.95
"Vermont","Females",2012,15.47,11.08
"Vermont","Both",2012,17.37,12.49
"Virginia","Males",1996,26.94,22.04
"Virginia","Females",1996,21.65,17.45
"Virginia","Both",1996,24.25,19.7
"Virginia","Males",1997,26.94,21.74
"Virginia","Females",1997,21.64,17.35
"Virginia","Both",1997,24.24,19.5
"Virginia","Males",1998,26.75,21.22
"Virginia","Females",1998,21.5,17.05
"Virginia","Both",1998,24.08,19.1
"Virginia","Males",1999,26.57,20.91
"Virginia","Females",1999,21.61,17
"Virginia","Both",1999,24.04,18.92
"Virginia","Males",2000,26.58,20.84
"Virginia","Females",2000,21.4,16.83
"Virginia","Both",2000,23.94,18.8
"Virginia","Males",2001,26.2,20.46
"Virginia","Females",2001,20.99,16.42
"Virginia","Both",2001,23.55,18.4
"Virginia","Males",2002,26.11,20.03
"Virginia","Females",2002,20.93,16.12
"Virginia","Both",2002,23.47,18.04
"Virginia","Males",2003,25.91,19.67
"Virginia","Females",2003,20.93,16.02
"Virginia","Both",2003,23.38,17.82
"Virginia","Males",2004,25.57,19.35
"Virginia","Females",2004,20.39,15.56
"Virginia","Both",2004,22.93,17.42
"Virginia","Males",2005,24.59,18.17
"Virginia","Females",2005,19.82,14.95
"Virginia","Both",2005,22.16,16.53
"Virginia","Males",2006,24.01,17.45
"Virginia","Females",2006,19.4,14.53
"Virginia","Both",2006,21.66,15.96
"Virginia","Males",2007,23.59,17.09
"Virginia","Females",2007,19.12,14.2
"Virginia","Both",2007,21.32,15.62
"Virginia","Males",2008,23.29,16.87
"Virginia","Females",2008,18.44,13.68
"Virginia","Both",2008,20.82,15.25
"Virginia","Males",2009,22.82,16.33
"Virginia","Females",2009,18.23,13.38
"Virginia","Both",2009,20.49,14.83
"Virginia","Males",2010,22.21,15.63
"Virginia","Females",2010,17.96,12.88
"Virginia","Both",2010,20.05,14.23
"Virginia","Males",2011,21.8,15.21
"Virginia","Females",2011,17.97,12.78
"Virginia","Both",2011,19.85,13.97
"Virginia","Males",2012,21.39,14.75
"Virginia","Females",2012,17.68,12.48
"Virginia","Both",2012,19.5,13.59
"Washington","Males",1996,25.47,20.5
"Washington","Females",1996,21.62,17.11
"Washington","Both",1996,23.51,18.78
"Washington","Males",1997,25.25,19.94
"Washington","Females",1997,21.42,16.85
"Washington","Both",1997,23.3,18.37
"Washington","Males",1998,25.17,19.58
"Washington","Females",1998,21.43,16.68
"Washington","Both",1998,23.26,18.1
"Washington","Males",1999,25.35,19.34
"Washington","Females",1999,21.29,16.35
"Washington","Both",1999,23.29,17.82
"Washington","Males",2000,25.26,19.15
"Washington","Females",2000,20.93,15.94
"Washington","Both",2000,23.05,17.51
"Washington","Males",2001,24.9,18.68
"Washington","Females",2001,20.7,15.99
"Washington","Both",2001,22.76,17.31
"Washington","Males",2002,24.02,17.78
"Washington","Females",2002,20.83,15.96
"Washington","Both",2002,22.4,16.85
"Washington","Males",2003,23.61,17.31
"Washington","Females",2003,20.24,15.31
"Washington","Both",2003,21.89,16.29
"Washington","Males",2004,22.8,16.64
"Washington","Females",2004,19.57,14.79
"Washington","Both",2004,21.15,15.7
"Washington","Males",2005,22.25,16.06
"Washington","Females",2005,19.13,14.39
"Washington","Both",2005,20.66,15.21
"Washington","Males",2006,21.65,15.56
"Washington","Females",2006,18.52,13.76
"Washington","Both",2006,20.06,14.65
"Washington","Males",2007,21.31,15.26
"Washington","Females",2007,17.88,13.28
"Washington","Both",2007,19.57,14.25
"Washington","Males",2008,20.89,14.93
"Washington","Females",2008,17.52,13.09
"Washington","Both",2008,19.17,14
"Washington","Males",2009,20.55,14.73
"Washington","Females",2009,17.21,12.8
"Washington","Both",2009,18.85,13.75
"Washington","Males",2010,20.28,14.31
"Washington","Females",2010,17.16,12.57
"Washington","Both",2010,18.69,13.43
"Washington","Males",2011,20.11,13.99
"Washington","Females",2011,17.32,12.42
"Washington","Both",2011,18.69,13.19
"Washington","Males",2012,19.44,13.3
"Washington","Females",2012,16.81,11.89
"Washington","Both",2012,18.1,12.58
"West Virginia","Males",1996,31.06,27.67
"West Virginia","Females",1996,27.69,24.71
"West Virginia","Both",1996,29.35,26.16
"West Virginia","Males",1997,31.23,27.48
"West Virginia","Females",1997,27.87,24.67
"West Virginia","Both",1997,29.52,26.05
"West Virginia","Males",1998,31.15,27.06
"West Virginia","Females",1998,28,24.59
"West Virginia","Both",1998,29.55,25.81
"West Virginia","Males",1999,31.25,26.69
"West Virginia","Females",1999,28.45,24.57
"West Virginia","Both",1999,29.83,25.61
"West Virginia","Males",2000,31.46,26.62
"West Virginia","Females",2000,28.37,24.18
"West Virginia","Both",2000,29.89,25.38
"West Virginia","Males",2001,31.28,26.3
"West Virginia","Females",2001,28.69,24.1
"West Virginia","Both",2001,29.96,25.18
"West Virginia","Males",2002,31.32,25.92
"West Virginia","Females",2002,29.18,24.3
"West Virginia","Both",2002,30.23,25.09
"West Virginia","Males",2003,31.75,25.91
"West Virginia","Females",2003,29.38,24.18
"West Virginia","Both",2003,30.54,25.03
"West Virginia","Males",2004,30.27,24.6
"West Virginia","Females",2004,28.59,23.43
"West Virginia","Both",2004,29.41,24
"West Virginia","Males",2005,29.68,23.81
"West Virginia","Females",2005,28.38,23.34
"West Virginia","Both",2005,29.02,23.57
"West Virginia","Males",2006,29.91,23.81
"West Virginia","Females",2006,28.47,23.44
"West Virginia","Both",2006,29.17,23.62
"West Virginia","Males",2007,29.54,23.48
"West Virginia","Females",2007,27.85,22.83
"West Virginia","Both",2007,28.68,23.15
"West Virginia","Males",2008,29.71,23.91
"West Virginia","Females",2008,27.58,22.97
"West Virginia","Both",2008,28.63,23.43
"West Virginia","Males",2009,29.75,23.87
"West Virginia","Females",2009,27.19,22.77
"West Virginia","Both",2009,28.44,23.31
"West Virginia","Males",2010,29.85,23.96
"West Virginia","Females",2010,26.94,22.39
"West Virginia","Both",2010,28.37,23.16
"West Virginia","Males",2011,30.19,24.43
"West Virginia","Females",2011,27.12,22.56
"West Virginia","Both",2011,28.62,23.48
"West Virginia","Males",2012,29.28,23.35
"West Virginia","Females",2012,26.43,21.7
"West Virginia","Both",2012,27.83,22.51
"Wisconsin","Males",1996,27.74,23.21
"Wisconsin","Females",1996,24.06,19.56
"Wisconsin","Both",1996,25.87,21.35
"Wisconsin","Males",1997,27.5,22.7
"Wisconsin","Females",1997,24.07,19.39
"Wisconsin","Both",1997,25.75,21.01
"Wisconsin","Males",1998,27.14,22.06
"Wisconsin","Females",1998,23.99,19.12
"Wisconsin","Both",1998,25.54,20.56
"Wisconsin","Males",1999,26.94,21.56
"Wisconsin","Females",1999,23.51,18.67
"Wisconsin","Both",1999,25.19,20.09
"Wisconsin","Males",2000,26.88,21.26
"Wisconsin","Females",2000,23.44,18.34
"Wisconsin","Both",2000,25.13,19.77
"Wisconsin","Males",2001,26.92,21.2
"Wisconsin","Females",2001,23.23,18.26
"Wisconsin","Both",2001,25.04,19.7
"Wisconsin","Males",2002,27.43,21.35
"Wisconsin","Females",2002,23.17,18.1
"Wisconsin","Both",2002,25.26,19.7
"Wisconsin","Males",2003,27.19,21.02
"Wisconsin","Females",2003,22.61,17.53
"Wisconsin","Both",2003,24.86,19.24
"Wisconsin","Males",2004,26.95,20.65
"Wisconsin","Females",2004,22.21,17.19
"Wisconsin","Both",2004,24.53,18.89
"Wisconsin","Males",2005,26.42,19.96
"Wisconsin","Females",2005,22.25,17.12
"Wisconsin","Both",2005,24.3,18.52
"Wisconsin","Males",2006,26.23,19.41
"Wisconsin","Females",2006,22.12,16.8
"Wisconsin","Both",2006,24.14,18.09
"Wisconsin","Males",2007,25.39,18.56
"Wisconsin","Females",2007,21.61,16.25
"Wisconsin","Both",2007,23.47,17.39
"Wisconsin","Males",2008,24.81,18.01
"Wisconsin","Females",2008,21.22,15.83
"Wisconsin","Both",2008,22.98,16.9
"Wisconsin","Males",2009,23.8,17.04
"Wisconsin","Females",2009,20.69,15.36
"Wisconsin","Both",2009,22.22,16.18
"Wisconsin","Males",2010,23.57,16.56
"Wisconsin","Females",2010,20.1,14.58
"Wisconsin","Both",2010,21.81,15.55
"Wisconsin","Males",2011,23.03,16.36
"Wisconsin","Females",2011,20.04,14.71
"Wisconsin","Both",2011,21.51,15.52
"Wisconsin","Males",2012,22.34,15.61
"Wisconsin","Females",2012,19.51,14.13
"Wisconsin","Both",2012,20.9,14.86
"Wyoming","Males",1996,27.32,22.86
"Wyoming","Females",1996,24.38,20.55
"Wyoming","Both",1996,25.82,21.68
"Wyoming","Males",1997,27.17,22.35
"Wyoming","Females",1997,24.35,20.3
"Wyoming","Both",1997,25.73,21.31
"Wyoming","Males",1998,26.8,21.64
"Wyoming","Females",1998,24.26,19.9
"Wyoming","Both",1998,25.51,20.75
"Wyoming","Males",1999,26.83,21.58
"Wyoming","Females",1999,24.36,19.71
"Wyoming","Both",1999,25.58,20.63
"Wyoming","Males",2000,26.16,20.78
"Wyoming","Females",2000,23.77,18.94
"Wyoming","Both",2000,24.94,19.85
"Wyoming","Males",2001,26.24,20.61
"Wyoming","Females",2001,24.23,19.26
"Wyoming","Both",2001,25.22,19.92
"Wyoming","Males",2002,26.31,20.65
"Wyoming","Females",2002,24.98,19.74
"Wyoming","Both",2002,25.63,20.19
"Wyoming","Males",2003,26.79,21.13
"Wyoming","Females",2003,25.3,20.01
"Wyoming","Both",2003,26.03,20.56
"Wyoming","Males",2004,24.17,18.57
"Wyoming","Females",2004,23.37,18.05
"Wyoming","Both",2004,23.76,18.31
"Wyoming","Males",2005,25.13,19.31
"Wyoming","Females",2005,24.18,18.87
"Wyoming","Both",2005,24.65,19.08
"Wyoming","Males",2006,24.6,18.74
"Wyoming","Females",2006,23.67,18.39
"Wyoming","Both",2006,24.13,18.56
"Wyoming","Males",2007,24.6,18.62
"Wyoming","Females",2007,23.24,18.17
"Wyoming","Both",2007,23.91,18.39
"Wyoming","Males",2008,24.56,18.57
"Wyoming","Females",2008,22.85,17.77
"Wyoming","Both",2008,23.69,18.16
"Wyoming","Males",2009,23.9,17.91
"Wyoming","Females",2009,22.37,17.36
"Wyoming","Both",2009,23.12,17.63
"Wyoming","Males",2010,23.76,17.6
"Wyoming","Females",2010,21.46,16.36
"Wyoming","Both",2010,22.59,16.97
"Wyoming","Males",2011,24.42,18.26
"Wyoming","Females",2011,21.06,16.01
"Wyoming","Both",2011,22.71,17.11
"Wyoming","Males",2012,23.36,17.08
"Wyoming","Females",2012,20.16,15.01
"Wyoming","Both",2012,21.73,16.03
